query_id_1,query_id_2,cos,fuzzy
Q001,Q118,0.826,0.51
Q001,Q120,0.846,0.565
Q001,Q324,0.836,0.519
Q002,Q011,0.898,0.431
Q002,Q083,0.806,0.406
Q002,Q148,0.877,0.509
Q002,Q174,0.876,0.414
Q002,Q215,0.805,0.412
Q002,Q260,0.913,0.509
Q002,Q286,0.846,0.387
Q002,Q390,0.9,0.459
Q002,Q393,0.871,0.563
Q003,Q014,0.927,0.643
Q003,Q028,0.886,0.5
Q003,Q033,0.959,0.627
Q003,Q034,0.812,0.5
Q003,Q038,0.88,0.436
Q003,Q041,0.953,0.667
Q003,Q087,0.845,0.512
Q003,Q119,0.902,0.432
Q003,Q123,0.971,0.721
Q003,Q152,0.932,0.473
Q003,Q211,0.928,0.508
Q003,Q220,0.844,0.281
Q003,Q231,0.845,0.246
Q003,Q272,0.856,0.452
Q003,Q313,0.915,0.385
Q003,Q316,0.912,0.483
Q003,Q378,0.937,0.552
Q003,Q394,0.948,0.295
Q004,Q058,0.869,0.569
Q004,Q061,0.882,0.629
Q004,Q209,0.79,0.523
Q004,Q237,0.832,0.455
Q004,Q318,0.853,0.55
Q004,Q319,0.801,0.372
Q004,Q353,0.86,0.525
Q004,Q368,0.901,0.611
Q004,Q386,0.797,0.391
Q005,Q012,0.809,0.326
Q005,Q047,0.913,0.636
Q005,Q059,0.89,0.529
Q005,Q145,0.888,0.388
Q005,Q208,0.848,0.331
Q005,Q233,0.922,0.583
Q005,Q268,0.902,0.588
Q005,Q278,0.891,0.482
Q005,Q304,0.836,0.606
Q005,Q312,0.792,0.419
Q006,Q089,0.795,0.372
Q006,Q129,0.994,0.889
Q006,Q149,0.859,0.515
Q006,Q202,0.822,0.493
Q006,Q205,0.815,0.331
Q006,Q220,0.8,0.491
Q006,Q244,0.81,0.493
Q006,Q252,0.83,0.512
Q006,Q257,0.801,0.559
Q006,Q275,0.847,0.415
Q006,Q283,0.804,0.5
Q006,Q285,0.816,0.428
Q006,Q309,0.798,0.459
Q006,Q352,0.856,0.502
Q006,Q366,0.791,0.427
Q006,Q382,0.8,0.512
Q006,Q392,0.85,0.429
Q006,Q395,0.791,0.484
Q007,Q035,0.93,0.525
Q007,Q089,0.84,0.536
Q007,Q149,0.819,0.273
Q007,Q160,0.97,0.594
Q007,Q175,0.931,0.513
Q007,Q205,0.878,0.643
Q007,Q241,0.943,0.571
Q007,Q252,0.83,0.386
Q007,Q273,0.806,0.514
Q007,Q285,0.837,0.514
Q007,Q298,0.871,0.523
Q007,Q299,0.869,0.667
Q007,Q326,0.824,0.483
Q007,Q331,0.912,0.517
Q007,Q341,0.796,0.528
Q007,Q352,0.796,0.247
Q007,Q354,0.798,0.507
Q008,Q009,0.808,0.467
Q008,Q020,0.799,0.365
Q008,Q045,0.802,0.524
Q008,Q070,0.815,0.361
Q008,Q085,0.814,0.456
Q008,Q100,0.83,0.4
Q008,Q109,0.801,0.472
Q008,Q118,0.852,0.495
Q008,Q120,0.855,0.5
Q008,Q121,0.799,0.423
Q008,Q126,0.838,0.41
Q008,Q135,0.83,0.508
Q008,Q136,0.869,0.613
Q008,Q141,0.843,0.444
Q008,Q163,0.88,0.542
Q008,Q166,0.902,0.536
Q008,Q169,0.821,0.424
Q008,Q177,0.887,0.571
Q008,Q183,0.862,0.694
Q008,Q196,0.791,0.53
Q008,Q197,0.806,0.38
Q008,Q210,0.836,0.255
Q008,Q218,0.828,0.504
Q008,Q224,0.839,0.521
Q008,Q246,0.863,0.528
Q008,Q258,0.855,0.452
Q008,Q259,0.867,0.675
Q008,Q269,0.875,0.496
Q008,Q274,0.805,0.355
Q008,Q296,0.817,0.5
Q008,Q300,0.918,0.711
Q008,Q324,0.861,0.524
Q008,Q328,0.802,0.457
Q008,Q339,0.837,0.343
Q008,Q340,0.93,0.667
Q008,Q343,0.801,0.351
Q008,Q344,0.797,0.436
Q008,Q345,0.845,0.551
Q008,Q367,0.819,0.535
Q008,Q371,0.843,0.548
Q009,Q020,0.811,0.524
Q009,Q053,0.798,0.367
Q009,Q068,0.81,0.5
Q009,Q070,0.914,0.415
Q009,Q094,0.8,0.528
Q009,Q100,0.906,0.595
Q009,Q104,0.811,0.459
Q009,Q109,0.904,0.516
Q009,Q118,0.842,0.475
Q009,Q120,0.842,0.457
Q009,Q121,0.897,0.435
Q009,Q135,0.805,0.49
Q009,Q136,0.858,0.479
Q009,Q147,0.792,0.396
Q009,Q156,0.819,0.431
Q009,Q161,0.829,0.438
Q009,Q163,0.836,0.325
Q009,Q166,0.884,0.61
Q009,Q169,0.868,0.528
Q009,Q177,0.795,0.586
Q009,Q196,0.91,0.654
Q009,Q197,0.799,0.41
Q009,Q220,0.833,0.453
Q009,Q222,0.847,0.362
Q009,Q223,0.804,0.356
Q009,Q224,0.791,0.404
Q009,Q231,0.842,0.426
Q009,Q238,0.809,0.495
Q009,Q242,0.89,0.687
Q009,Q258,0.859,0.634
Q009,Q259,0.796,0.469
Q009,Q262,0.852,0.272
Q009,Q265,0.851,0.386
Q009,Q324,0.84,0.484
Q009,Q325,0.836,0.371
Q009,Q339,0.808,0.485
Q009,Q340,0.854,0.387
Q009,Q343,0.797,0.442
Q009,Q345,0.806,0.333
Q009,Q349,0.845,0.381
Q009,Q367,0.802,0.574
Q009,Q371,0.816,0.426
Q009,Q383,0.837,0.559
Q009,Q388,0.879,0.551
Q010,Q024,0.848,0.509
Q010,Q031,0.838,0.442
Q010,Q042,0.878,0.413
Q010,Q072,0.885,0.426
Q010,Q078,0.832,0.5
Q010,Q084,0.791,0.389
Q010,Q179,0.859,0.42
Q010,Q180,0.864,0.396
Q010,Q181,0.86,0.286
Q010,Q185,0.824,0.384
Q010,Q189,0.846,0.526
Q010,Q254,0.858,0.48
Q010,Q294,0.802,0.484
Q010,Q362,0.837,0.362
Q010,Q377,0.85,0.488
Q010,Q379,0.878,0.431
Q010,Q385,0.79,0.559
Q010,Q399,0.873,0.421
Q011,Q083,0.864,0.487
Q011,Q115,0.848,0.634
Q011,Q131,0.801,0.444
Q011,Q148,0.956,0.75
Q011,Q174,0.962,0.866
Q011,Q186,0.817,0.581
Q011,Q215,0.844,0.571
Q011,Q260,0.943,0.625
Q011,Q286,0.893,0.648
Q011,Q308,0.828,0.55
Q011,Q365,0.82,0.476
Q011,Q390,0.927,0.602
Q011,Q393,0.892,0.475
Q012,Q047,0.825,0.322
Q012,Q059,0.876,0.462
Q012,Q145,0.928,0.675
Q012,Q154,0.799,0.565
Q012,Q208,0.897,0.635
Q012,Q233,0.842,0.333
Q012,Q268,0.85,0.352
Q012,Q278,0.878,0.408
Q012,Q295,0.791,0.534
Q012,Q304,0.794,0.333
Q012,Q312,0.823,0.516
Q013,Q102,0.817,0.465
Q013,Q138,0.867,0.449
Q013,Q157,0.797,0.349
Q013,Q243,0.813,0.456
Q013,Q291,0.842,0.43
Q013,Q375,0.874,0.542
Q014,Q028,0.845,0.448
Q014,Q033,0.894,0.622
Q014,Q034,0.819,0.621
Q014,Q038,0.84,0.444
Q014,Q041,0.915,0.6
Q014,Q087,0.796,0.425
Q014,Q119,0.864,0.382
Q014,Q123,0.956,0.618
Q014,Q152,0.912,0.49
Q014,Q211,0.936,0.526
Q014,Q220,0.809,0.247
Q014,Q231,0.804,0.215
Q014,Q272,0.866,0.464
Q014,Q313,0.842,0.435
Q014,Q316,0.883,0.577
Q014,Q378,0.871,0.654
Q014,Q394,0.891,0.255
Q015,Q043,0.803,0.429
Q015,Q046,0.799,0.473
Q015,Q062,0.902,0.485
Q015,Q092,0.795,0.486
Q015,Q099,0.936,0.589
Q015,Q124,0.796,0.545
Q015,Q219,0.796,0.367
Q015,Q235,0.947,0.563
Q015,Q305,0.812,0.483
Q015,Q333,0.87,0.442
Q015,Q361,0.796,0.472
Q015,Q376,0.792,0.486
Q015,Q380,0.808,0.459
Q015,Q387,0.796,0.367
Q015,Q400,0.81,0.465
Q016,Q022,0.797,0.465
Q016,Q067,0.895,0.697
Q016,Q073,0.843,0.562
Q016,Q084,0.803,0.471
Q016,Q103,0.909,0.571
Q016,Q111,0.815,0.471
Q016,Q158,0.817,0.35
Q016,Q165,0.867,0.535
Q016,Q179,0.8,0.505
Q016,Q181,0.807,0.314
Q016,Q185,0.825,0.515
Q016,Q254,0.805,0.515
Q016,Q307,0.816,0.617
Q016,Q337,0.81,0.442
Q016,Q350,0.859,0.416
Q016,Q360,0.807,0.459
Q016,Q362,0.837,0.494
Q016,Q379,0.811,0.477
Q016,Q396,0.817,0.529
Q016,Q399,0.819,0.512
Q017,Q064,0.808,0.526
Q017,Q076,0.799,0.355
Q017,Q086,0.917,0.547
Q017,Q102,0.793,0.486
Q017,Q112,0.902,0.489
Q017,Q118,0.793,0.479
Q017,Q134,0.897,0.533
Q017,Q138,0.797,0.537
Q017,Q162,0.825,0.408
Q017,Q164,0.852,0.461
Q017,Q190,0.912,0.484
Q017,Q206,0.836,0.588
Q017,Q225,0.807,0.359
Q017,Q240,0.888,0.495
Q017,Q243,0.794,0.5
Q017,Q244,0.899,0.402
Q017,Q263,0.826,0.453
Q017,Q273,0.933,0.588
Q017,Q280,0.799,0.396
Q017,Q282,0.792,0.521
Q017,Q287,0.805,0.56
Q017,Q289,0.896,0.562
Q017,Q293,0.855,0.528
Q017,Q309,0.817,0.46
Q017,Q315,0.795,0.45
Q017,Q326,0.891,0.422
Q017,Q335,0.841,0.427
Q017,Q341,0.853,0.481
Q017,Q342,0.921,0.503
Q017,Q355,0.904,0.483
Q017,Q382,0.823,0.447
Q018,Q131,0.819,0.556
Q018,Q234,0.817,0.554
Q019,Q080,0.791,0.483
Q019,Q110,0.823,0.606
Q019,Q144,0.801,0.472
Q019,Q173,0.805,0.467
Q019,Q392,0.796,0.548
Q020,Q043,0.793,0.314
Q020,Q070,0.796,0.207
Q020,Q100,0.834,0.435
Q020,Q118,0.807,0.454
Q020,Q136,0.795,0.34
Q020,Q163,0.799,0.196
Q020,Q166,0.828,0.409
Q020,Q169,0.836,0.379
Q020,Q210,0.811,0.459
Q020,Q220,0.84,0.514
Q020,Q231,0.835,0.521
Q020,Q244,0.799,0.516
Q020,Q246,0.816,0.308
Q020,Q258,0.847,0.538
Q020,Q259,0.794,0.323
Q020,Q265,0.807,0.265
Q020,Q300,0.791,0.379
Q020,Q324,0.804,0.471
Q020,Q339,0.821,0.528
Q020,Q340,0.847,0.295
Q020,Q343,0.837,0.512
Q021,Q025,0.836,0.426
Q021,Q026,0.864,0.486
Q021,Q052,0.816,0.521
Q021,Q071,0.848,0.527
Q021,Q142,0.888,0.592
Q021,Q191,0.879,0.453
Q021,Q283,0.8,0.364
Q021,Q288,0.862,0.5
Q021,Q290,0.874,0.511
Q021,Q336,0.843,0.508
Q021,Q364,0.793,0.461
Q021,Q391,0.797,0.487
Q022,Q036,0.923,0.564
Q022,Q067,0.907,0.545
Q022,Q073,0.804,0.588
Q022,Q078,0.796,0.543
Q022,Q084,0.794,0.459
Q022,Q103,0.879,0.353
Q022,Q111,0.926,0.541
Q022,Q158,0.836,0.348
Q022,Q165,0.862,0.4
Q022,Q178,0.928,0.557
Q022,Q179,0.793,0.575
Q022,Q185,0.802,0.605
Q022,Q254,0.799,0.442
Q022,Q337,0.925,0.619
Q022,Q350,0.819,0.467
Q022,Q356,0.95,0.72
Q022,Q360,0.841,0.444
Q022,Q362,0.817,0.455
Q022,Q379,0.806,0.442
Q022,Q396,0.903,0.418
Q022,Q399,0.801,0.507
Q023,Q040,0.959,0.745
Q023,Q052,0.796,0.395
Q023,Q063,0.902,0.6
Q023,Q096,0.856,0.377
Q023,Q167,0.792,0.312
Q023,Q193,0.849,0.405
Q023,Q194,0.809,0.169
Q023,Q217,0.915,0.469
Q023,Q227,0.98,0.696
Q023,Q253,0.796,0.195
Q023,Q267,0.8,0.319
Q023,Q292,0.854,0.412
Q023,Q302,0.815,0.456
Q023,Q311,0.799,0.409
Q023,Q327,0.792,0.369
Q023,Q346,0.919,0.469
Q024,Q031,0.897,0.483
Q024,Q042,0.837,0.422
Q024,Q051,0.816,0.479
Q024,Q072,0.828,0.4
Q024,Q179,0.793,0.444
Q024,Q180,0.824,0.424
Q024,Q181,0.806,0.267
Q024,Q189,0.852,0.514
Q024,Q254,0.798,0.439
Q024,Q294,0.832,0.473
Q024,Q377,0.854,0.493
Q024,Q379,0.802,0.374
Q024,Q385,0.852,0.56
Q024,Q399,0.822,0.397
Q025,Q026,0.791,0.513
Q025,Q039,0.884,0.524
Q025,Q052,0.841,0.431
Q025,Q071,0.821,0.467
Q025,Q142,0.89,0.7
Q025,Q191,0.887,0.591
Q025,Q250,0.804,0.208
Q025,Q279,0.864,0.464
Q025,Q283,0.845,0.18
Q025,Q288,0.872,0.667
Q025,Q290,0.905,0.508
Q025,Q336,0.893,0.286
Q025,Q358,0.831,0.429
Q025,Q364,0.828,0.231
Q025,Q391,0.917,0.511
Q026,Q071,0.812,0.522
Q026,Q142,0.867,0.531
Q026,Q191,0.868,0.528
Q026,Q275,0.791,0.417
Q026,Q283,0.8,0.261
Q026,Q288,0.873,0.619
Q026,Q290,0.87,0.529
Q026,Q336,0.813,0.38
Q026,Q354,0.79,0.412
Q026,Q358,0.826,0.51
Q026,Q364,0.813,0.323
Q027,Q079,0.791,0.402
Q027,Q130,0.809,0.273
Q027,Q146,0.807,0.566
Q027,Q323,0.79,0.18
Q028,Q033,0.866,0.491
Q028,Q038,0.841,0.55
Q028,Q041,0.876,0.412
Q028,Q087,0.823,0.432
Q028,Q119,0.957,0.737
Q028,Q123,0.89,0.476
Q028,Q152,0.898,0.632
Q028,Q211,0.914,0.585
Q028,Q220,0.793,0.278
Q028,Q231,0.81,0.263
Q028,Q272,0.829,0.438
Q028,Q313,0.869,0.593
Q028,Q316,0.897,0.467
Q028,Q378,0.854,0.5
Q028,Q394,0.879,0.349
Q029,Q061,0.832,0.565
Q029,Q098,0.847,0.492
Q029,Q203,0.939,0.697
Q029,Q209,0.807,0.643
Q029,Q251,0.924,0.716
Q029,Q338,0.815,0.529
Q029,Q353,0.807,0.5
Q029,Q368,0.808,0.462
Q030,Q037,0.819,0.541
Q030,Q046,0.886,0.615
Q030,Q057,0.833,0.577
Q030,Q101,0.846,0.376
Q030,Q108,0.868,0.595
Q030,Q136,0.796,0.514
Q030,Q144,0.815,0.494
Q030,Q150,0.869,0.603
Q030,Q159,0.843,0.697
Q030,Q192,0.854,0.471
Q030,Q224,0.836,0.588
Q030,Q248,0.793,0.543
Q030,Q271,0.878,0.74
Q030,Q297,0.797,0.506
Q030,Q380,0.835,0.465
Q030,Q400,0.809,0.538
Q031,Q042,0.898,0.676
Q031,Q051,0.911,0.82
Q031,Q072,0.886,0.691
Q031,Q078,0.835,0.448
Q031,Q179,0.844,0.455
Q031,Q180,0.869,0.621
Q031,Q181,0.864,0.578
Q031,Q185,0.815,0.333
Q031,Q189,0.896,0.625
Q031,Q254,0.839,0.417
Q031,Q294,0.91,0.648
Q031,Q362,0.817,0.423
Q031,Q377,0.92,0.541
Q031,Q379,0.859,0.54
Q031,Q385,0.929,0.578
Q031,Q399,0.871,0.557
Q032,Q040,0.793,0.364
Q032,Q050,0.799,0.395
Q032,Q095,0.813,0.473
Q032,Q116,0.803,0.3
Q032,Q137,0.792,0.454
Q032,Q173,0.796,0.417
Q032,Q236,0.8,0.481
Q032,Q311,0.84,0.538
Q033,Q034,0.825,0.453
Q033,Q038,0.907,0.448
Q033,Q041,0.977,0.727
Q033,Q087,0.854,0.4
Q033,Q119,0.879,0.413
Q033,Q123,0.926,0.64
Q033,Q152,0.944,0.636
Q033,Q211,0.912,0.577
Q033,Q220,0.84,0.221
Q033,Q231,0.857,0.19
Q033,Q272,0.867,0.549
Q033,Q313,0.931,0.537
Q033,Q316,0.904,0.511
Q033,Q378,0.948,0.681
Q033,Q394,0.97,0.52
Q034,Q038,0.829,0.575
Q034,Q041,0.838,0.471
Q034,Q087,0.837,0.545
Q034,Q119,0.798,0.395
Q034,Q123,0.822,0.508
Q034,Q152,0.843,0.456
Q034,Q211,0.845,0.523
Q034,Q313,0.791,0.37
Q034,Q316,0.823,0.533
Q034,Q378,0.818,0.533
Q034,Q394,0.832,0.286
Q035,Q089,0.812,0.439
Q035,Q112,0.797,0.381
Q035,Q149,0.819,0.431
Q035,Q160,0.931,0.6
Q035,Q175,0.924,0.519
Q035,Q205,0.846,0.415
Q035,Q241,0.941,0.598
Q035,Q252,0.835,0.471
Q035,Q273,0.805,0.5
Q035,Q275,0.808,0.436
Q035,Q285,0.834,0.542
Q035,Q298,0.852,0.571
Q035,Q299,0.869,0.627
Q035,Q326,0.801,0.381
Q035,Q331,0.909,0.626
Q035,Q341,0.799,0.51
Q035,Q352,0.795,0.422
Q035,Q354,0.803,0.454
Q036,Q067,0.859,0.468
Q036,Q103,0.822,0.381
Q036,Q111,0.833,0.375
Q036,Q178,0.895,0.575
Q036,Q337,0.831,0.459
Q036,Q356,0.93,0.646
Q036,Q396,0.85,0.37
Q037,Q046,0.88,0.51
Q037,Q057,0.835,0.431
Q037,Q081,0.798,0.557
Q037,Q101,0.848,0.412
Q037,Q108,0.861,0.639
Q037,Q130,0.802,0.457
Q037,Q136,0.799,0.559
Q037,Q144,0.836,0.481
Q037,Q159,0.798,0.483
Q037,Q173,0.792,0.475
Q037,Q176,0.798,0.469
Q037,Q192,0.846,0.444
Q037,Q196,0.792,0.474
Q037,Q200,0.816,0.41
Q037,Q219,0.798,0.346
Q037,Q224,0.8,0.576
Q037,Q261,0.811,0.39
Q037,Q271,0.873,0.592
Q037,Q300,0.796,0.506
Q037,Q323,0.808,0.444
Q037,Q345,0.818,0.516
Q037,Q349,0.794,0.5
Q037,Q371,0.827,0.545
Q037,Q380,0.846,0.371
Q037,Q400,0.807,0.462
Q038,Q041,0.892,0.463
Q038,Q087,0.87,0.451
Q038,Q119,0.825,0.467
Q038,Q123,0.869,0.442
Q038,Q152,0.92,0.62
Q038,Q211,0.896,0.582
Q038,Q220,0.844,0.413
Q038,Q231,0.882,0.344
Q038,Q313,0.872,0.441
Q038,Q316,0.882,0.541
Q038,Q378,0.878,0.541
Q038,Q394,0.889,0.338
Q039,Q052,0.797,0.494
Q039,Q142,0.822,0.385
Q039,Q191,0.806,0.393
Q039,Q279,0.845,0.441
Q039,Q283,0.811,0.223
Q039,Q288,0.839,0.489
Q039,Q290,0.851,0.394
Q039,Q336,0.847,0.291
Q039,Q364,0.805,0.331
Q039,Q391,0.902,0.508
Q040,Q050,0.797,0.329
Q040,Q052,0.809,0.507
Q040,Q063,0.949,0.725
Q040,Q096,0.858,0.331
Q040,Q110,0.796,0.333
Q040,Q167,0.82,0.444
Q040,Q193,0.891,0.493
Q040,Q194,0.811,0.196
Q040,Q217,0.95,0.571
Q040,Q227,0.929,0.578
Q040,Q236,0.796,0.37
Q040,Q253,0.811,0.204
Q040,Q267,0.831,0.441
Q040,Q292,0.839,0.375
Q040,Q302,0.807,0.607
Q040,Q311,0.803,0.435
Q040,Q327,0.793,0.438
Q040,Q346,0.947,0.571
Q041,Q087,0.847,0.578
Q041,Q119,0.897,0.385
Q041,Q123,0.935,0.523
Q041,Q152,0.935,0.542
Q041,Q211,0.924,0.537
Q041,Q220,0.865,0.327
Q041,Q231,0.873,0.298
Q041,Q272,0.889,0.515
Q041,Q313,0.894,0.464
Q041,Q316,0.899,0.516
Q041,Q378,0.929,0.613
Q041,Q394,0.974,0.431
Q042,Q051,0.796,0.638
Q042,Q072,0.938,0.603
Q042,Q078,0.861,0.427
Q042,Q084,0.817,0.471
Q042,Q103,0.809,0.4
Q042,Q158,0.808,0.381
Q042,Q179,0.89,0.486
Q042,Q180,0.9,0.636
Q042,Q181,0.91,0.491
Q042,Q185,0.855,0.375
Q042,Q189,0.899,0.591
Q042,Q254,0.895,0.45
Q042,Q294,0.853,0.608
Q042,Q356,0.793,0.435
Q042,Q359,0.792,0.464
Q042,Q360,0.821,0.456
Q042,Q362,0.868,0.433
Q042,Q377,0.905,0.561
Q042,Q379,0.91,0.479
Q042,Q385,0.846,0.531
Q042,Q399,0.916,0.58
Q043,Q048,0.798,0.596
Q043,Q049,0.848,0.444
Q043,Q062,0.816,0.42
Q043,Q070,0.822,0.409
Q043,Q085,0.807,0.548
Q043,Q088,0.84,0.438
Q043,Q092,0.931,0.538
Q043,Q099,0.806,0.39
Q043,Q100,0.807,0.458
Q043,Q108,0.822,0.452
Q043,Q113,0.807,0.351
Q043,Q114,0.817,0.516
Q043,Q117,0.796,0.421
Q043,Q118,0.794,0.381
Q043,Q122,0.864,0.462
Q043,Q124,0.93,0.522
Q043,Q133,0.88,0.405
Q043,Q136,0.79,0.414
Q043,Q147,0.82,0.448
Q043,Q153,0.849,0.45
Q043,Q163,0.802,0.524
Q043,Q170,0.911,0.492
Q043,Q182,0.792,0.508
Q043,Q187,0.792,0.395
Q043,Q195,0.828,0.425
Q043,Q197,0.806,0.235
Q043,Q207,0.794,0.575
Q043,Q212,0.878,0.424
Q043,Q214,0.895,0.488
Q043,Q219,0.854,0.429
Q043,Q222,0.81,0.429
Q043,Q224,0.84,0.429
Q043,Q226,0.903,0.495
Q043,Q235,0.797,0.376
Q043,Q238,0.831,0.476
Q043,Q262,0.821,0.419
Q043,Q271,0.809,0.557
Q043,Q284,0.812,0.367
Q043,Q296,0.816,0.451
Q043,Q297,0.83,0.423
Q043,Q305,0.822,0.435
Q043,Q306,0.809,0.615
Q043,Q320,0.802,0.52
Q043,Q324,0.794,0.372
Q043,Q333,0.81,0.416
Q043,Q340,0.812,0.436
Q043,Q345,0.824,0.538
Q043,Q348,0.851,0.562
Q043,Q361,0.795,0.593
Q043,Q369,0.792,0.418
Q043,Q372,0.85,0.514
Q043,Q373,0.802,0.424
Q043,Q376,0.906,0.562
Q043,Q387,0.832,0.571
Q043,Q400,0.816,0.469
Q044,Q107,0.895,0.512
Q044,Q151,0.823,0.469
Q044,Q209,0.851,0.55
Q044,Q322,0.876,0.658
Q044,Q370,0.904,0.535
Q044,Q386,0.818,0.476
Q045,Q056,0.833,0.571
Q045,Q069,0.909,0.528
Q045,Q077,0.808,0.574
Q045,Q085,0.921,0.675
Q045,Q095,0.841,0.438
Q045,Q105,0.917,0.579
Q045,Q113,0.815,0.465
Q045,Q116,0.838,0.287
Q045,Q126,0.837,0.417
Q045,Q136,0.797,0.493
Q045,Q144,0.798,0.476
Q045,Q167,0.812,0.633
Q045,Q173,0.81,0.612
Q045,Q177,0.889,0.581
Q045,Q188,0.922,0.512
Q045,Q195,0.791,0.463
Q045,Q197,0.902,0.395
Q045,Q210,0.808,0.257
Q045,Q216,0.906,0.59
Q045,Q247,0.818,0.417
Q045,Q248,0.815,0.547
Q045,Q256,0.815,0.333
Q045,Q258,0.795,0.459
Q045,Q267,0.838,0.619
Q045,Q269,0.804,0.468
Q045,Q274,0.904,0.443
Q045,Q284,0.888,0.507
Q045,Q287,0.796,0.415
Q045,Q296,0.937,0.674
Q045,Q297,0.865,0.535
Q045,Q300,0.813,0.477
Q045,Q310,0.949,0.7
Q045,Q328,0.966,0.706
Q045,Q330,0.902,0.632
Q045,Q332,0.895,0.585
Q045,Q398,0.932,0.588
Q046,Q056,0.8,0.442
Q046,Q057,0.902,0.636
Q046,Q081,0.82,0.418
Q046,Q101,0.92,0.596
Q046,Q108,0.914,0.627
Q046,Q144,0.898,0.477
Q046,Q150,0.821,0.574
Q046,Q159,0.903,0.684
Q046,Q173,0.831,0.527
Q046,Q192,0.923,0.653
Q046,Q200,0.804,0.463
Q046,Q224,0.807,0.5
Q046,Q248,0.872,0.567
Q046,Q261,0.799,0.464
Q046,Q267,0.808,0.532
Q046,Q271,0.937,0.634
Q046,Q297,0.826,0.541
Q046,Q345,0.797,0.413
Q046,Q371,0.814,0.479
Q046,Q380,0.938,0.612
Q046,Q400,0.89,0.777
Q047,Q059,0.913,0.584
Q047,Q145,0.895,0.443
Q047,Q208,0.845,0.315
Q047,Q233,0.939,0.595
Q047,Q268,0.941,0.6
Q047,Q278,0.909,0.447
Q047,Q304,0.817,0.559
Q048,Q206,0.791,0.469
Q048,Q341,0.803,0.424
Q049,Q060,0.81,0.606
Q049,Q074,0.816,0.423
Q049,Q085,0.838,0.531
Q049,Q088,0.876,0.427
Q049,Q092,0.911,0.407
Q049,Q113,0.806,0.362
Q049,Q115,0.819,0.575
Q049,Q122,0.894,0.525
Q049,Q124,0.89,0.404
Q049,Q128,0.826,0.405
Q049,Q133,0.858,0.494
Q049,Q168,0.796,0.456
Q049,Q170,0.895,0.508
Q049,Q182,0.859,0.557
Q049,Q204,0.857,0.562
Q049,Q212,0.87,0.414
Q049,Q214,0.91,0.476
Q049,Q226,0.826,0.393
Q049,Q296,0.834,0.521
Q049,Q297,0.801,0.329
Q049,Q305,0.811,0.394
Q049,Q332,0.807,0.464
Q049,Q373,0.883,0.471
Q049,Q376,0.884,0.462
Q049,Q389,0.814,0.419
Q050,Q056,0.838,0.361
Q050,Q063,0.797,0.465
Q050,Q080,0.837,0.474
Q050,Q095,0.796,0.569
Q050,Q116,0.86,0.531
Q050,Q137,0.798,0.559
Q050,Q171,0.89,0.486
Q050,Q193,0.805,0.405
Q050,Q217,0.795,0.366
Q050,Q229,0.867,0.352
Q050,Q253,0.807,0.505
Q050,Q270,0.814,0.387
Q050,Q301,0.825,0.36
Q050,Q302,0.825,0.342
Q050,Q311,0.917,0.549
Q050,Q329,0.834,0.467
Q050,Q384,0.817,0.379
Q051,Q189,0.807,0.593
Q051,Q294,0.817,0.639
Q051,Q377,0.824,0.507
Q051,Q385,0.864,0.527
Q052,Q063,0.795,0.489
Q052,Q071,0.792,0.589
Q052,Q095,0.805,0.411
Q052,Q096,0.825,0.342
Q052,Q142,0.82,0.373
Q052,Q191,0.821,0.456
Q052,Q193,0.793,0.408
Q052,Q217,0.818,0.409
Q052,Q275,0.796,0.347
Q052,Q279,0.801,0.505
Q052,Q283,0.804,0.386
Q052,Q290,0.84,0.511
Q052,Q336,0.813,0.413
Q052,Q346,0.806,0.409
Q052,Q352,0.79,0.368
Q052,Q391,0.816,0.561
Q053,Q103,0.792,0.349
Q053,Q111,0.818,0.625
Q053,Q147,0.799,0.515
Q053,Q161,0.797,0.455
Q053,Q196,0.797,0.459
Q053,Q222,0.796,0.688
Q053,Q281,0.851,0.575
Q053,Q337,0.831,0.541
Q053,Q396,0.87,0.617
Q054,Q090,0.851,0.706
Q054,Q108,0.791,0.373
Q054,Q343,0.791,0.571
Q055,Q070,0.79,0.531
Q055,Q079,0.904,0.571
Q055,Q130,0.852,0.462
Q055,Q146,0.803,0.409
Q055,Q147,0.887,0.571
Q055,Q153,0.913,0.622
Q055,Q176,0.868,0.542
Q055,Q187,0.822,0.494
Q055,Q219,0.912,0.553
Q055,Q222,0.841,0.459
Q055,Q238,0.834,0.471
Q055,Q261,0.814,0.442
Q055,Q262,0.845,0.458
Q055,Q306,0.913,0.667
Q055,Q320,0.9,0.509
Q055,Q323,0.845,0.531
Q055,Q351,0.804,0.4
Q055,Q361,0.921,0.678
Q055,Q369,0.879,0.528
Q055,Q397,0.794,0.587
Q056,Q116,0.829,0.245
Q056,Q126,0.792,0.444
Q056,Q144,0.818,0.556
Q056,Q159,0.791,0.6
Q056,Q167,0.83,0.627
Q056,Q171,0.799,0.462
Q056,Q173,0.813,0.575
Q056,Q188,0.808,0.442
Q056,Q248,0.799,0.482
Q056,Q267,0.835,0.528
Q056,Q271,0.801,0.531
Q056,Q284,0.801,0.603
Q056,Q310,0.804,0.588
Q056,Q328,0.844,0.679
Q056,Q352,0.799,0.289
Q056,Q380,0.808,0.346
Q057,Q101,0.908,0.497
Q057,Q108,0.851,0.588
Q057,Q144,0.845,0.477
Q057,Q159,0.843,0.667
Q057,Q192,0.917,0.558
Q057,Q248,0.813,0.583
Q057,Q271,0.904,0.653
Q057,Q333,0.804,0.496
Q057,Q380,0.921,0.624
Q057,Q400,0.855,0.612
Q058,Q061,0.85,0.434
Q058,Q151,0.81,0.65
Q058,Q237,0.838,0.458
Q058,Q318,0.898,0.698
Q058,Q319,0.867,0.505
Q058,Q353,0.844,0.33
Q058,Q368,0.864,0.536
Q059,Q145,0.921,0.592
Q059,Q154,0.815,0.565
Q059,Q208,0.89,0.484
Q059,Q233,0.923,0.611
Q059,Q268,0.943,0.593
Q059,Q278,0.978,0.66
Q059,Q295,0.809,0.562
Q059,Q304,0.852,0.539
Q059,Q312,0.795,0.547
Q060,Q117,0.827,0.636
Q060,Q128,0.89,0.511
Q060,Q143,0.791,0.335
Q060,Q184,0.83,0.468
Q060,Q190,0.816,0.486
Q060,Q195,0.839,0.37
Q060,Q201,0.794,0.473
Q060,Q204,0.899,0.649
Q060,Q206,0.812,0.617
Q060,Q207,0.88,0.471
Q060,Q240,0.821,0.472
Q060,Q276,0.799,0.366
Q060,Q277,0.832,0.513
Q060,Q282,0.855,0.449
Q060,Q284,0.792,0.389
Q060,Q287,0.848,0.532
Q060,Q289,0.836,0.529
Q060,Q293,0.843,0.494
Q060,Q297,0.809,0.458
Q060,Q310,0.814,0.494
Q060,Q326,0.829,0.522
Q060,Q334,0.868,0.495
Q060,Q341,0.84,0.482
Q060,Q355,0.82,0.505
Q060,Q382,0.83,0.364
Q061,Q151,0.884,0.539
Q061,Q209,0.897,0.761
Q061,Q237,0.847,0.429
Q061,Q251,0.822,0.458
Q061,Q318,0.896,0.5
Q061,Q319,0.802,0.348
Q061,Q338,0.795,0.405
Q061,Q353,0.896,0.635
Q061,Q368,0.93,0.692
Q061,Q386,0.82,0.373
Q062,Q092,0.818,0.395
Q062,Q099,0.895,0.528
Q062,Q122,0.802,0.561
Q062,Q124,0.806,0.413
Q062,Q170,0.791,0.378
Q062,Q226,0.797,0.448
Q062,Q235,0.913,0.702
Q062,Q305,0.847,0.388
Q062,Q333,0.873,0.547
Q062,Q376,0.799,0.458
Q062,Q387,0.804,0.394
Q062,Q400,0.797,0.582
Q063,Q096,0.83,0.486
Q063,Q110,0.791,0.371
Q063,Q167,0.815,0.488
Q063,Q193,0.896,0.696
Q063,Q217,0.959,0.829
Q063,Q227,0.873,0.438
Q063,Q253,0.802,0.307
Q063,Q267,0.816,0.529
Q063,Q346,0.954,0.829
Q064,Q086,0.792,0.476
Q064,Q102,0.819,0.619
Q064,Q112,0.822,0.381
Q064,Q114,0.823,0.455
Q064,Q134,0.793,0.438
Q064,Q190,0.833,0.358
Q064,Q195,0.82,0.562
Q064,Q206,0.813,0.547
Q064,Q207,0.824,0.628
Q064,Q230,0.793,0.407
Q064,Q240,0.825,0.407
Q064,Q273,0.798,0.444
Q064,Q282,0.83,0.567
Q064,Q287,0.803,0.47
Q064,Q289,0.84,0.442
Q064,Q293,0.825,0.512
Q064,Q326,0.838,0.4
Q064,Q334,0.812,0.526
Q064,Q341,0.848,0.471
Q064,Q342,0.805,0.516
Q064,Q348,0.83,0.464
Q064,Q355,0.825,0.504
Q064,Q372,0.823,0.475
Q064,Q392,0.807,0.375
Q066,Q143,0.831,0.53
Q066,Q195,0.794,0.437
Q066,Q207,0.794,0.42
Q066,Q225,0.912,0.595
Q066,Q276,0.808,0.51
Q066,Q277,0.795,0.5
Q066,Q280,0.832,0.498
Q066,Q282,0.792,0.508
Q066,Q334,0.81,0.479
Q066,Q342,0.799,0.563
Q066,Q374,0.837,0.554
Q066,Q382,0.859,0.509
Q067,Q073,0.815,0.475
Q067,Q078,0.802,0.526
Q067,Q103,0.919,0.544
Q067,Q111,0.871,0.393
Q067,Q158,0.814,0.314
Q067,Q165,0.88,0.423
Q067,Q178,0.89,0.477
Q067,Q307,0.816,0.558
Q067,Q337,0.874,0.393
Q067,Q350,0.83,0.472
Q067,Q356,0.87,0.463
Q067,Q360,0.805,0.354
Q067,Q396,0.868,0.516
Q068,Q070,0.796,0.355
Q068,Q074,0.876,0.588
Q068,Q094,0.938,0.667
Q068,Q097,0.84,0.539
Q068,Q100,0.811,0.396
Q068,Q104,0.951,0.607
Q068,Q106,0.902,0.602
Q068,Q109,0.848,0.603
Q068,Q121,0.847,0.528
Q068,Q127,0.881,0.478
Q068,Q132,0.933,0.629
Q068,Q139,0.891,0.564
Q068,Q156,0.903,0.561
Q068,Q161,0.863,0.553
Q068,Q168,0.931,0.63
Q068,Q196,0.827,0.619
Q068,Q232,0.876,0.562
Q068,Q255,0.879,0.541
Q068,Q303,0.897,0.617
Q068,Q325,0.856,0.494
Q068,Q347,0.827,0.5
Q068,Q357,0.932,0.734
Q068,Q383,0.87,0.637
Q068,Q388,0.817,0.641
Q068,Q389,0.899,0.615
Q069,Q085,0.878,0.535
Q069,Q095,0.811,0.497
Q069,Q105,0.888,0.5
Q069,Q113,0.804,0.405
Q069,Q116,0.803,0.358
Q069,Q173,0.792,0.477
Q069,Q177,0.827,0.511
Q069,Q188,0.948,0.577
Q069,Q195,0.791,0.471
Q069,Q197,0.854,0.468
Q069,Q201,0.79,0.383
Q069,Q216,0.896,0.471
Q069,Q247,0.8,0.417
Q069,Q256,0.793,0.412
Q069,Q267,0.816,0.444
Q069,Q274,0.851,0.513
Q069,Q284,0.839,0.485
Q069,Q296,0.88,0.582
Q069,Q297,0.843,0.436
Q069,Q310,0.9,0.558
Q069,Q328,0.901,0.478
Q069,Q330,0.876,0.52
Q069,Q332,0.871,0.509
Q069,Q398,0.868,0.508
Q070,Q092,0.794,0.455
Q070,Q100,0.927,0.427
Q070,Q104,0.791,0.381
Q070,Q109,0.921,0.638
Q070,Q118,0.85,0.395
Q070,Q120,0.849,0.508
Q070,Q121,0.915,0.652
Q070,Q124,0.792,0.31
Q070,Q133,0.8,0.423
Q070,Q135,0.8,0.268
Q070,Q136,0.868,0.64
Q070,Q147,0.816,0.44
Q070,Q153,0.793,0.5
Q070,Q156,0.837,0.357
Q070,Q161,0.851,0.52
Q070,Q163,0.861,0.412
Q070,Q166,0.852,0.361
Q070,Q168,0.802,0.468
Q070,Q169,0.873,0.433
Q070,Q196,0.876,0.448
Q070,Q212,0.799,0.338
Q070,Q219,0.802,0.529
Q070,Q220,0.796,0.179
Q070,Q222,0.901,0.375
Q070,Q223,0.884,0.455
Q070,Q224,0.826,0.417
Q070,Q231,0.808,0.172
Q070,Q238,0.816,0.4
Q070,Q242,0.874,0.386
Q070,Q258,0.842,0.364
Q070,Q259,0.818,0.462
Q070,Q262,0.909,0.4
Q070,Q265,0.861,0.524
Q070,Q306,0.803,0.409
Q070,Q320,0.805,0.429
Q070,Q324,0.841,0.359
Q070,Q325,0.851,0.275
Q070,Q340,0.859,0.383
Q070,Q345,0.862,0.409
Q070,Q349,0.876,0.421
Q070,Q371,0.831,0.458
Q070,Q383,0.864,0.462
Q070,Q388,0.908,0.615
Q071,Q142,0.909,0.629
Q071,Q191,0.885,0.622
Q071,Q288,0.857,0.476
Q071,Q290,0.886,0.629
Q071,Q336,0.83,0.397
Q071,Q364,0.795,0.397
Q071,Q391,0.799,0.597
Q072,Q078,0.895,0.548
Q072,Q084,0.866,0.436
Q072,Q103,0.814,0.376
Q072,Q158,0.797,0.36
Q072,Q179,0.924,0.59
Q072,Q180,0.927,0.717
Q072,Q181,0.944,0.65
Q072,Q185,0.886,0.358
Q072,Q189,0.881,0.587
Q072,Q254,0.928,0.537
Q072,Q294,0.892,0.667
Q072,Q356,0.832,0.607
Q072,Q359,0.853,0.679
Q072,Q360,0.802,0.682
Q072,Q362,0.913,0.511
Q072,Q377,0.896,0.58
Q072,Q379,0.953,0.552
Q072,Q385,0.829,0.494
Q072,Q399,0.945,0.786
Q073,Q084,0.803,0.451
Q073,Q103,0.814,0.406
Q073,Q111,0.811,0.592
Q073,Q165,0.805,0.414
Q073,Q185,0.817,0.627
Q073,Q307,0.881,0.602
Q073,Q337,0.809,0.667
Q073,Q350,0.846,0.483
Q073,Q360,0.793,0.433
Q073,Q362,0.798,0.444
Q074,Q088,0.817,0.394
Q074,Q092,0.797,0.68
Q074,Q094,0.836,0.494
Q074,Q097,0.919,0.638
Q074,Q100,0.796,0.346
Q074,Q104,0.851,0.58
Q074,Q106,0.834,0.466
Q074,Q122,0.794,0.342
Q074,Q124,0.832,0.378
Q074,Q127,0.904,0.386
Q074,Q132,0.883,0.84
Q074,Q139,0.877,0.793
Q074,Q156,0.836,0.613
Q074,Q161,0.815,0.786
Q074,Q168,0.886,0.755
Q074,Q214,0.806,0.4
Q074,Q232,0.905,0.579
Q074,Q255,0.892,0.484
Q074,Q303,0.829,0.541
Q074,Q305,0.813,0.388
Q074,Q325,0.804,0.632
Q074,Q357,0.872,0.678
Q074,Q373,0.807,0.406
Q074,Q387,0.793,0.6
Q074,Q389,0.867,0.69
Q075,Q304,0.828,0.645
Q075,Q317,0.953,0.814
Q075,Q363,0.896,0.59
Q076,Q162,0.968,0.629
Q076,Q164,0.793,0.468
Q076,Q244,0.804,0.574
Q076,Q280,0.793,0.453
Q076,Q315,0.955,0.607
Q076,Q342,0.8,0.496
Q077,Q095,0.858,0.615
Q077,Q105,0.814,0.379
Q077,Q116,0.822,0.468
Q077,Q171,0.791,0.557
Q077,Q310,0.804,0.525
Q077,Q328,0.803,0.437
Q077,Q330,0.814,0.442
Q077,Q398,0.795,0.529
Q078,Q084,0.866,0.567
Q078,Q103,0.801,0.372
Q078,Q111,0.81,0.567
Q078,Q158,0.821,0.355
Q078,Q179,0.899,0.493
Q078,Q180,0.885,0.523
Q078,Q181,0.899,0.385
Q078,Q185,0.871,0.506
Q078,Q189,0.808,0.483
Q078,Q254,0.889,0.532
Q078,Q294,0.812,0.487
Q078,Q337,0.805,0.545
Q078,Q350,0.805,0.53
Q078,Q359,0.84,0.559
Q078,Q360,0.813,0.536
Q078,Q362,0.9,0.644
Q078,Q377,0.854,0.519
Q078,Q379,0.917,0.571
Q078,Q399,0.904,0.529
Q079,Q130,0.881,0.483
Q079,Q146,0.81,0.429
Q079,Q147,0.814,0.424
Q079,Q153,0.838,0.328
Q079,Q168,0.794,0.463
Q079,Q176,0.889,0.543
Q079,Q219,0.845,0.319
Q079,Q222,0.807,0.41
Q079,Q261,0.848,0.505
Q079,Q262,0.811,0.286
Q079,Q306,0.83,0.354
Q079,Q320,0.829,0.39
Q079,Q323,0.861,0.423
Q079,Q333,0.827,0.577
Q079,Q351,0.849,0.544
Q079,Q361,0.859,0.444
Q079,Q369,0.813,0.447
Q079,Q373,0.802,0.495
Q080,Q082,0.792,0.421
Q080,Q095,0.81,0.467
Q080,Q116,0.862,0.343
Q080,Q137,0.823,0.446
Q080,Q144,0.833,0.595
Q080,Q167,0.798,0.456
Q080,Q171,0.865,0.563
Q080,Q173,0.807,0.588
Q080,Q193,0.801,0.449
Q080,Q199,0.819,0.471
Q080,Q229,0.851,0.471
Q080,Q248,0.799,0.611
Q080,Q267,0.793,0.429
Q080,Q270,0.878,0.716
Q080,Q301,0.88,0.737
Q080,Q302,0.854,0.444
Q080,Q311,0.848,0.463
Q080,Q327,0.886,0.575
Q080,Q329,0.915,0.688
Q080,Q384,0.893,0.709
Q081,Q101,0.845,0.383
Q081,Q108,0.89,0.557
Q081,Q144,0.812,0.441
Q081,Q150,0.793,0.633
Q081,Q159,0.823,0.474
Q081,Q173,0.81,0.493
Q081,Q192,0.83,0.434
Q081,Q248,0.836,0.506
Q081,Q271,0.818,0.7
Q081,Q297,0.801,0.4
Q081,Q300,0.791,0.472
Q082,Q095,0.809,0.48
Q082,Q116,0.862,0.349
Q082,Q137,0.849,0.503
Q082,Q171,0.822,0.5
Q082,Q199,0.836,0.444
Q082,Q302,0.888,0.518
Q082,Q311,0.796,0.446
Q082,Q329,0.79,0.453
Q083,Q115,0.851,0.419
Q083,Q148,0.828,0.441
Q083,Q174,0.902,0.535
Q083,Q239,0.792,0.163
Q083,Q260,0.833,0.5
Q083,Q390,0.852,0.529
Q083,Q393,0.89,0.476
Q084,Q103,0.811,0.328
Q084,Q158,0.803,0.509
Q084,Q179,0.897,0.485
Q084,Q180,0.858,0.517
Q084,Q181,0.892,0.311
Q084,Q185,0.907,0.556
Q084,Q254,0.896,0.583
Q084,Q350,0.796,0.5
Q084,Q359,0.804,0.393
Q084,Q362,0.956,0.692
Q084,Q377,0.82,0.459
Q084,Q379,0.907,0.349
Q084,Q399,0.872,0.459
Q085,Q092,0.833,0.484
Q085,Q105,0.93,0.789
Q085,Q113,0.868,0.484
Q085,Q118,0.812,0.383
Q085,Q120,0.792,0.364
Q085,Q122,0.797,0.409
Q085,Q124,0.815,0.392
Q085,Q126,0.823,0.383
Q085,Q128,0.791,0.348
Q085,Q133,0.826,0.404
Q085,Q136,0.818,0.559
Q085,Q170,0.848,0.451
Q085,Q177,0.876,0.536
Q085,Q184,0.79,0.413
Q085,Q188,0.884,0.5
Q085,Q197,0.91,0.395
Q085,Q204,0.815,0.417
Q085,Q210,0.801,0.247
Q085,Q212,0.816,0.358
Q085,Q214,0.797,0.457
Q085,Q216,0.872,0.493
Q085,Q224,0.824,0.545
Q085,Q226,0.8,0.417
Q085,Q247,0.837,0.567
Q085,Q256,0.836,0.377
Q085,Q258,0.806,0.427
Q085,Q274,0.912,0.395
Q085,Q284,0.886,0.486
Q085,Q287,0.791,0.338
Q085,Q296,0.983,0.84
Q085,Q297,0.861,0.444
Q085,Q300,0.8,0.482
Q085,Q310,0.95,0.72
Q085,Q324,0.816,0.354
Q085,Q328,0.934,0.667
Q085,Q330,0.912,0.704
Q085,Q332,0.943,0.753
Q085,Q371,0.806,0.606
Q085,Q376,0.803,0.505
Q085,Q398,0.913,0.536
Q086,Q112,0.883,0.48
Q086,Q134,0.905,0.46
Q086,Q162,0.79,0.407
Q086,Q164,0.822,0.436
Q086,Q190,0.839,0.416
Q086,Q206,0.824,0.518
Q086,Q240,0.843,0.466
Q086,Q244,0.852,0.393
Q086,Q273,0.899,0.554
Q086,Q289,0.841,0.465
Q086,Q293,0.802,0.5
Q086,Q326,0.833,0.4
Q086,Q335,0.808,0.455
Q086,Q341,0.826,0.456
Q086,Q342,0.86,0.454
Q086,Q355,0.849,0.477
Q087,Q119,0.803,0.469
Q087,Q123,0.817,0.4
Q087,Q152,0.869,0.43
Q087,Q157,0.802,0.476
Q087,Q211,0.85,0.437
Q087,Q220,0.798,0.352
Q087,Q231,0.825,0.366
Q087,Q291,0.791,0.531
Q087,Q313,0.845,0.395
Q087,Q316,0.885,0.463
Q087,Q378,0.832,0.439
Q087,Q394,0.849,0.376
Q088,Q092,0.868,0.411
Q088,Q097,0.803,0.435
Q088,Q113,0.826,0.548
Q088,Q122,0.932,0.465
Q088,Q124,0.896,0.425
Q088,Q133,0.825,0.42
Q088,Q170,0.806,0.463
Q088,Q172,0.797,0.557
Q088,Q182,0.925,0.5
Q088,Q212,0.821,0.396
Q088,Q214,0.89,0.505
Q088,Q226,0.808,0.429
Q088,Q305,0.792,0.467
Q088,Q373,0.954,0.667
Q088,Q376,0.85,0.4
Q089,Q129,0.797,0.391
Q089,Q149,0.805,0.27
Q089,Q160,0.846,0.576
Q089,Q175,0.831,0.475
Q089,Q191,0.805,0.517
Q089,Q205,0.909,0.759
Q089,Q221,0.801,0.41
Q089,Q241,0.809,0.43
Q089,Q252,0.837,0.431
Q089,Q275,0.834,0.545
Q089,Q283,0.796,0.254
Q089,Q285,0.901,0.667
Q089,Q298,0.902,0.716
Q089,Q299,0.812,0.61
Q089,Q331,0.807,0.462
Q089,Q352,0.827,0.3
Q089,Q354,0.854,0.411
Q090,Q095,0.79,0.527
Q091,Q137,0.799,0.5
Q091,Q171,0.806,0.513
Q091,Q199,0.791,0.415
Q091,Q301,0.811,0.467
Q091,Q302,0.802,0.442
Q091,Q384,0.796,0.495
Q092,Q113,0.828,0.351
Q092,Q122,0.905,0.385
Q092,Q124,0.923,0.413
Q092,Q128,0.807,0.317
Q092,Q133,0.903,0.633
Q092,Q168,0.794,0.582
Q092,Q170,0.914,0.623
Q092,Q182,0.845,0.441
Q092,Q184,0.819,0.585
Q092,Q195,0.82,0.4
Q092,Q197,0.798,0.21
Q092,Q201,0.82,0.593
Q092,Q204,0.832,0.323
Q092,Q212,0.905,0.588
Q092,Q214,0.9,0.366
Q092,Q219,0.793,0.429
Q092,Q224,0.802,0.429
Q092,Q226,0.916,0.362
Q092,Q235,0.798,0.329
Q092,Q238,0.794,0.476
Q092,Q284,0.82,0.433
Q092,Q296,0.826,0.423
Q092,Q297,0.859,0.423
Q092,Q305,0.851,0.464
Q092,Q332,0.817,0.448
Q092,Q333,0.815,0.416
Q092,Q348,0.803,0.406
Q092,Q372,0.802,0.4
Q092,Q373,0.854,0.424
Q092,Q376,0.89,0.382
Q092,Q387,0.822,0.524
Q092,Q389,0.802,0.533
Q092,Q400,0.791,0.395
Q094,Q097,0.824,0.566
Q094,Q100,0.814,0.508
Q094,Q104,0.957,0.642
Q094,Q106,0.89,0.657
Q094,Q109,0.804,0.556
Q094,Q121,0.805,0.517
Q094,Q127,0.867,0.477
Q094,Q132,0.909,0.529
Q094,Q139,0.853,0.547
Q094,Q156,0.905,0.566
Q094,Q161,0.838,0.495
Q094,Q168,0.896,0.467
Q094,Q176,0.792,0.517
Q094,Q196,0.822,0.594
Q094,Q232,0.871,0.673
Q094,Q255,0.848,0.578
Q094,Q303,0.868,0.559
Q094,Q306,0.794,0.46
Q094,Q325,0.83,0.468
Q094,Q347,0.791,0.447
Q094,Q357,0.884,0.521
Q094,Q361,0.798,0.517
Q094,Q383,0.847,0.556
Q094,Q389,0.862,0.442
Q095,Q096,0.812,0.531
Q095,Q105,0.803,0.336
Q095,Q116,0.888,0.539
Q095,Q137,0.816,0.605
Q095,Q140,0.793,0.6
Q095,Q144,0.816,0.417
Q095,Q159,0.812,0.49
Q095,Q171,0.858,0.544
Q095,Q173,0.826,0.5
Q095,Q188,0.803,0.467
Q095,Q197,0.79,0.526
Q095,Q248,0.813,0.52
Q095,Q253,0.792,0.464
Q095,Q296,0.808,0.44
Q095,Q297,0.82,0.411
Q095,Q301,0.809,0.443
Q095,Q310,0.821,0.385
Q095,Q311,0.832,0.54
Q095,Q327,0.84,0.459
Q095,Q328,0.839,0.309
Q095,Q329,0.803,0.514
Q095,Q398,0.809,0.459
Q096,Q116,0.796,0.428
Q096,Q167,0.807,0.358
Q096,Q171,0.797,0.392
Q096,Q193,0.864,0.431
Q096,Q194,0.823,0.386
Q096,Q213,0.8,0.409
Q096,Q217,0.855,0.478
Q096,Q227,0.844,0.345
Q096,Q253,0.832,0.431
Q096,Q267,0.822,0.36
Q096,Q311,0.799,0.417
Q096,Q346,0.846,0.478
Q097,Q104,0.847,0.578
Q097,Q106,0.837,0.484
Q097,Q127,0.897,0.474
Q097,Q132,0.869,0.648
Q097,Q139,0.896,0.734
Q097,Q155,0.807,0.609
Q097,Q156,0.827,0.554
Q097,Q168,0.857,0.595
Q097,Q182,0.812,0.538
Q097,Q232,0.901,0.639
Q097,Q255,0.929,0.625
Q097,Q303,0.845,0.526
Q097,Q325,0.792,0.513
Q097,Q347,0.807,0.551
Q097,Q357,0.817,0.5
Q097,Q373,0.799,0.424
Q097,Q389,0.834,0.557
Q098,Q203,0.873,0.569
Q098,Q209,0.799,0.423
Q098,Q251,0.823,0.543
Q098,Q353,0.797,0.417
Q098,Q368,0.805,0.505
Q099,Q153,0.792,0.338
Q099,Q219,0.808,0.328
Q099,Q235,0.942,0.527
Q099,Q261,0.791,0.454
Q099,Q305,0.832,0.468
Q099,Q333,0.862,0.49
Q099,Q351,0.791,0.497
Q099,Q361,0.797,0.43
Q099,Q376,0.79,0.491
Q100,Q104,0.815,0.373
Q100,Q109,0.922,0.442
Q100,Q118,0.849,0.487
Q100,Q120,0.857,0.49
Q100,Q121,0.922,0.471
Q100,Q133,0.817,0.418
Q100,Q135,0.805,0.441
Q100,Q136,0.878,0.562
Q100,Q147,0.826,0.449
Q100,Q156,0.829,0.358
Q100,Q161,0.806,0.382
Q100,Q163,0.822,0.356
Q100,Q166,0.851,0.486
Q100,Q168,0.793,0.419
Q100,Q169,0.848,0.545
Q100,Q196,0.885,0.515
Q100,Q197,0.807,0.415
Q100,Q212,0.805,0.397
Q100,Q219,0.79,0.329
Q100,Q220,0.813,0.367
Q100,Q222,0.877,0.391
Q100,Q223,0.85,0.386
Q100,Q224,0.823,0.437
Q100,Q231,0.834,0.346
Q100,Q238,0.825,0.447
Q100,Q242,0.862,0.551
Q100,Q246,0.805,0.442
Q100,Q258,0.856,0.565
Q100,Q259,0.815,0.462
Q100,Q262,0.87,0.27
Q100,Q265,0.869,0.42
Q100,Q271,0.801,0.435
Q100,Q300,0.804,0.423
Q100,Q306,0.805,0.53
Q100,Q320,0.823,0.444
Q100,Q324,0.853,0.564
Q100,Q325,0.82,0.289
Q100,Q340,0.865,0.419
Q100,Q345,0.838,0.361
Q100,Q349,0.818,0.338
Q100,Q361,0.821,0.541
Q100,Q369,0.792,0.469
Q100,Q371,0.844,0.414
Q100,Q383,0.818,0.423
Q100,Q388,0.903,0.44
Q101,Q108,0.909,0.534
Q101,Q144,0.864,0.391
Q101,Q150,0.806,0.446
Q101,Q159,0.867,0.452
Q101,Q192,0.956,0.761
Q101,Q200,0.822,0.336
Q101,Q248,0.864,0.456
Q101,Q271,0.884,0.4
Q101,Q297,0.79,0.443
Q101,Q380,0.921,0.523
Q101,Q400,0.859,0.48
Q102,Q138,0.881,0.569
Q102,Q157,0.819,0.42
Q102,Q206,0.852,0.568
Q102,Q207,0.863,0.606
Q102,Q230,0.822,0.512
Q102,Q240,0.826,0.535
Q102,Q243,0.867,0.639
Q102,Q282,0.814,0.589
Q102,Q287,0.825,0.581
Q102,Q289,0.795,0.463
Q102,Q291,0.918,0.656
Q102,Q293,0.85,0.626
Q102,Q309,0.8,0.487
Q102,Q326,0.834,0.506
Q102,Q334,0.841,0.643
Q102,Q341,0.909,0.66
Q102,Q348,0.797,0.4
Q102,Q355,0.808,0.549
Q103,Q111,0.89,0.377
Q103,Q158,0.857,0.308
Q103,Q165,0.914,0.449
Q103,Q178,0.877,0.524
Q103,Q179,0.815,0.406
Q103,Q180,0.818,0.383
Q103,Q181,0.836,0.28
Q103,Q185,0.824,0.418
Q103,Q254,0.822,0.388
Q103,Q337,0.895,0.424
Q103,Q350,0.849,0.42
Q103,Q356,0.847,0.309
Q103,Q360,0.816,0.288
Q103,Q362,0.838,0.298
Q103,Q379,0.831,0.384
Q103,Q396,0.914,0.46
Q103,Q399,0.839,0.439
Q104,Q106,0.901,0.5
Q104,Q109,0.842,0.459
Q104,Q121,0.844,0.356
Q104,Q127,0.883,0.474
Q104,Q132,0.919,0.592
Q104,Q139,0.895,0.557
Q104,Q156,0.938,0.578
Q104,Q161,0.874,0.571
Q104,Q168,0.901,0.568
Q104,Q196,0.841,0.541
Q104,Q232,0.877,0.495
Q104,Q255,0.883,0.446
Q104,Q303,0.907,0.568
Q104,Q325,0.865,0.564
Q104,Q347,0.81,0.464
Q104,Q357,0.876,0.625
Q104,Q383,0.886,0.565
Q104,Q388,0.821,0.557
Q104,Q389,0.877,0.608
Q105,Q113,0.867,0.488
Q105,Q122,0.797,0.299
Q105,Q128,0.79,0.308
Q105,Q177,0.848,0.468
Q105,Q188,0.878,0.521
Q105,Q197,0.88,0.339
Q105,Q204,0.793,0.394
Q105,Q216,0.866,0.444
Q105,Q247,0.877,0.606
Q105,Q249,0.792,0.564
Q105,Q256,0.84,0.368
Q105,Q274,0.858,0.373
Q105,Q284,0.848,0.493
Q105,Q296,0.923,0.65
Q105,Q297,0.866,0.4
Q105,Q310,0.929,0.622
Q105,Q328,0.923,0.581
Q105,Q330,0.966,0.714
Q105,Q332,0.949,0.789
Q105,Q334,0.814,0.469
Q105,Q398,0.913,0.521
Q106,Q127,0.872,0.568
Q106,Q132,0.935,0.495
Q106,Q139,0.899,0.513
Q106,Q156,0.838,0.479
Q106,Q161,0.819,0.468
Q106,Q168,0.905,0.5
Q106,Q196,0.811,0.639
Q106,Q232,0.883,0.611
Q106,Q255,0.876,0.589
Q106,Q303,0.934,0.605
Q106,Q325,0.799,0.411
Q106,Q347,0.809,0.388
Q106,Q357,0.88,0.526
Q106,Q383,0.814,0.635
Q106,Q389,0.89,0.496
Q107,Q151,0.793,0.378
Q107,Q209,0.798,0.306
Q107,Q322,0.891,0.585
Q107,Q368,0.808,0.329
Q107,Q370,0.984,0.794
Q107,Q386,0.796,0.474
Q108,Q136,0.812,0.618
Q108,Q144,0.865,0.532
Q108,Q150,0.846,0.676
Q108,Q159,0.868,0.575
Q108,Q173,0.835,0.6
Q108,Q187,0.799,0.465
Q108,Q192,0.916,0.598
Q108,Q200,0.813,0.462
Q108,Q219,0.814,0.385
Q108,Q224,0.875,0.727
Q108,Q248,0.876,0.533
Q108,Q271,0.9,0.62
Q108,Q297,0.849,0.568
Q108,Q300,0.827,0.578
Q108,Q345,0.833,0.581
Q108,Q371,0.815,0.576
Q108,Q380,0.868,0.471
Q108,Q400,0.849,0.571
Q109,Q118,0.842,0.437
Q109,Q120,0.874,0.486
Q109,Q121,0.997,0.877
Q109,Q132,0.794,0.545
Q109,Q136,0.872,0.525
Q109,Q147,0.792,0.525
Q109,Q156,0.844,0.537
Q109,Q161,0.802,0.557
Q109,Q163,0.805,0.444
Q109,Q166,0.846,0.506
Q109,Q168,0.798,0.448
Q109,Q169,0.863,0.535
Q109,Q196,0.884,0.58
Q109,Q220,0.792,0.274
Q109,Q222,0.834,0.542
Q109,Q223,0.816,0.436
Q109,Q231,0.815,0.249
Q109,Q238,0.81,0.576
Q109,Q242,0.835,0.465
Q109,Q255,0.793,0.438
Q109,Q258,0.843,0.455
Q109,Q262,0.834,0.478
Q109,Q265,0.811,0.528
Q109,Q303,0.808,0.532
Q109,Q324,0.842,0.427
Q109,Q325,0.826,0.419
Q109,Q340,0.821,0.517
Q109,Q345,0.791,0.473
Q109,Q349,0.818,0.571
Q109,Q371,0.841,0.542
Q109,Q383,0.825,0.526
Q109,Q388,0.948,0.794
Q110,Q167,0.819,0.396
Q110,Q193,0.856,0.455
Q110,Q194,0.823,0.342
Q110,Q202,0.901,0.557
Q110,Q213,0.884,0.517
Q110,Q217,0.808,0.396
Q110,Q252,0.792,0.486
Q110,Q253,0.807,0.365
Q110,Q267,0.823,0.417
Q110,Q275,0.832,0.594
Q110,Q285,0.821,0.562
Q110,Q392,0.854,0.681
Q111,Q158,0.837,0.327
Q111,Q165,0.891,0.526
Q111,Q178,0.899,0.482
Q111,Q185,0.801,0.556
Q111,Q337,0.993,0.714
Q111,Q350,0.859,0.474
Q111,Q356,0.877,0.525
Q111,Q360,0.877,0.49
Q111,Q362,0.823,0.538
Q111,Q379,0.796,0.571
Q111,Q396,0.937,0.649
Q112,Q134,0.918,0.581
Q112,Q160,0.806,0.471
Q112,Q164,0.824,0.347
Q112,Q190,0.862,0.508
Q112,Q206,0.831,0.432
Q112,Q240,0.849,0.554
Q112,Q244,0.865,0.293
Q112,Q263,0.793,0.272
Q112,Q273,0.92,0.622
Q112,Q289,0.859,0.59
Q112,Q293,0.799,0.487
Q112,Q326,0.871,0.452
Q112,Q341,0.83,0.421
Q112,Q342,0.851,0.395
Q112,Q355,0.852,0.457
Q113,Q122,0.824,0.443
Q113,Q124,0.818,0.442
Q113,Q126,0.81,0.503
Q113,Q133,0.798,0.454
Q113,Q136,0.826,0.4
Q113,Q170,0.803,0.39
Q113,Q177,0.797,0.646
Q113,Q182,0.826,0.364
Q113,Q188,0.804,0.547
Q113,Q195,0.798,0.451
Q113,Q197,0.864,0.518
Q113,Q212,0.8,0.503
Q113,Q224,0.838,0.424
Q113,Q226,0.831,0.503
Q113,Q247,0.851,0.387
Q113,Q256,0.875,0.546
Q113,Q258,0.81,0.58
Q113,Q269,0.79,0.519
Q113,Q274,0.822,0.458
Q113,Q284,0.85,0.426
Q113,Q296,0.869,0.496
Q113,Q297,0.893,0.496
Q113,Q300,0.799,0.489
Q113,Q310,0.851,0.472
Q113,Q328,0.83,0.383
Q113,Q330,0.837,0.407
Q113,Q332,0.862,0.496
Q113,Q371,0.798,0.458
Q113,Q373,0.807,0.531
Q113,Q376,0.799,0.464
Q113,Q398,0.843,0.497
Q114,Q117,0.813,0.349
Q114,Q184,0.809,0.391
Q114,Q195,0.902,0.444
Q114,Q201,0.809,0.374
Q114,Q207,0.85,0.554
Q114,Q230,0.882,0.629
Q114,Q282,0.833,0.417
Q114,Q297,0.814,0.42
Q114,Q334,0.79,0.424
Q114,Q341,0.798,0.42
Q114,Q348,0.98,0.892
Q114,Q372,0.939,0.825
Q115,Q148,0.837,0.667
Q115,Q174,0.826,0.507
Q115,Q204,0.801,0.691
Q115,Q260,0.83,0.528
Q115,Q286,0.81,0.532
Q115,Q308,0.817,0.523
Q115,Q390,0.864,0.462
Q115,Q393,0.825,0.455
Q116,Q137,0.825,0.5
Q116,Q144,0.807,0.303
Q116,Q171,0.855,0.456
Q116,Q173,0.804,0.347
Q116,Q188,0.824,0.386
Q116,Q197,0.808,0.534
Q116,Q210,0.79,0.522
Q116,Q216,0.798,0.274
Q116,Q248,0.797,0.358
Q116,Q274,0.805,0.558
Q116,Q296,0.79,0.3
Q116,Q301,0.799,0.314
Q116,Q302,0.836,0.282
Q116,Q310,0.811,0.28
Q116,Q311,0.819,0.331
Q116,Q327,0.813,0.327
Q116,Q328,0.827,0.228
Q116,Q329,0.82,0.361
Q116,Q398,0.796,0.364
Q117,Q128,0.831,0.623
Q117,Q170,0.808,0.494
Q117,Q184,0.94,0.642
Q117,Q195,0.849,0.5
Q117,Q201,0.896,0.667
Q117,Q204,0.863,0.628
Q117,Q207,0.827,0.433
Q117,Q282,0.832,0.418
Q117,Q284,0.81,0.333
Q117,Q287,0.805,0.462
Q117,Q296,0.793,0.442
Q117,Q297,0.807,0.421
Q117,Q310,0.815,0.427
Q117,Q348,0.846,0.386
Q117,Q372,0.852,0.383
Q117,Q398,0.79,0.523
Q118,Q120,0.965,0.788
Q118,Q121,0.845,0.395
Q118,Q126,0.809,0.511
Q118,Q133,0.793,0.486
Q118,Q136,0.873,0.467
Q118,Q163,0.794,0.297
Q118,Q166,0.837,0.429
Q118,Q169,0.813,0.42
Q118,Q177,0.817,0.448
Q118,Q190,0.803,0.444
Q118,Q196,0.797,0.51
Q118,Q197,0.822,0.433
Q118,Q220,0.796,0.356
Q118,Q224,0.81,0.409
Q118,Q231,0.808,0.328
Q118,Q244,0.798,0.33
Q118,Q258,0.888,0.547
Q118,Q274,0.805,0.38
Q118,Q284,0.793,0.348
Q118,Q296,0.81,0.408
Q118,Q300,0.812,0.438
Q118,Q324,0.956,0.729
Q118,Q340,0.833,0.414
Q118,Q343,0.8,0.409
Q118,Q344,0.792,0.48
Q118,Q345,0.808,0.333
Q118,Q355,0.813,0.437
Q118,Q371,0.819,0.364
Q118,Q388,0.836,0.565
Q119,Q123,0.906,0.411
Q119,Q152,0.892,0.507
Q119,Q211,0.904,0.427
Q119,Q231,0.794,0.26
Q119,Q272,0.847,0.351
Q119,Q313,0.826,0.406
Q119,Q316,0.881,0.4
Q119,Q378,0.852,0.429
Q119,Q394,0.921,0.712
Q120,Q121,0.873,0.406
Q120,Q126,0.793,0.417
Q120,Q136,0.872,0.548
Q120,Q166,0.842,0.421
Q120,Q169,0.831,0.434
Q120,Q177,0.808,0.444
Q120,Q196,0.815,0.519
Q120,Q224,0.805,0.366
Q120,Q231,0.803,0.281
Q120,Q258,0.885,0.557
Q120,Q300,0.809,0.455
Q120,Q324,0.961,0.752
Q120,Q340,0.833,0.457
Q120,Q344,0.796,0.444
Q120,Q345,0.791,0.358
Q120,Q371,0.809,0.394
Q120,Q388,0.844,0.587
Q121,Q132,0.799,0.444
Q121,Q133,0.794,0.444
Q121,Q136,0.871,0.6
Q121,Q139,0.798,0.452
Q121,Q147,0.797,0.6
Q121,Q156,0.846,0.424
Q121,Q161,0.797,0.467
Q121,Q163,0.8,0.5
Q121,Q166,0.841,0.488
Q121,Q168,0.802,0.421
Q121,Q169,0.858,0.543
Q121,Q196,0.881,0.471
Q121,Q222,0.833,0.552
Q121,Q223,0.812,0.444
Q121,Q231,0.811,0.25
Q121,Q238,0.813,0.554
Q121,Q242,0.834,0.449
Q121,Q255,0.802,0.442
Q121,Q258,0.841,0.422
Q121,Q262,0.83,0.4
Q121,Q265,0.806,0.5
Q121,Q303,0.809,0.436
Q121,Q324,0.844,0.364
Q121,Q325,0.823,0.393
Q121,Q340,0.816,0.491
Q121,Q349,0.813,0.458
Q121,Q371,0.842,0.655
Q121,Q383,0.82,0.48
Q121,Q388,0.949,0.677
Q122,Q124,0.898,0.525
Q122,Q133,0.852,0.514
Q122,Q170,0.846,0.437
Q122,Q172,0.791,0.5
Q122,Q182,0.904,0.447
Q122,Q212,0.858,0.45
Q122,Q214,0.905,0.481
Q122,Q226,0.849,0.519
Q122,Q296,0.792,0.454
Q122,Q297,0.801,0.412
Q122,Q305,0.823,0.442
Q122,Q332,0.816,0.43
Q122,Q333,0.797,0.524
Q122,Q373,0.929,0.5
Q122,Q376,0.868,0.487
Q123,Q152,0.928,0.444
Q123,Q211,0.951,0.71
Q123,Q220,0.834,0.293
Q123,Q231,0.829,0.248
Q123,Q272,0.854,0.459
Q123,Q313,0.871,0.392
Q123,Q316,0.916,0.456
Q123,Q378,0.896,0.561
Q123,Q394,0.92,0.3
Q124,Q127,0.79,0.603
Q124,Q133,0.886,0.521
Q124,Q170,0.893,0.396
Q124,Q182,0.841,0.424
Q124,Q195,0.824,0.5
Q124,Q197,0.82,0.386
Q124,Q212,0.878,0.496
Q124,Q214,0.928,0.459
Q124,Q219,0.805,0.268
Q124,Q224,0.794,0.354
Q124,Q226,0.894,0.524
Q124,Q235,0.791,0.512
Q124,Q262,0.797,0.289
Q124,Q274,0.796,0.448
Q124,Q284,0.808,0.38
Q124,Q296,0.817,0.414
Q124,Q297,0.818,0.378
Q124,Q305,0.825,0.404
Q124,Q333,0.805,0.496
Q124,Q348,0.816,0.462
Q124,Q372,0.813,0.473
Q124,Q373,0.875,0.472
Q124,Q376,0.911,0.574
Q124,Q387,0.792,0.317
Q124,Q400,0.799,0.496
Q125,Q171,0.801,0.392
Q125,Q270,0.851,0.48
Q125,Q301,0.873,0.429
Q125,Q311,0.795,0.392
Q125,Q329,0.885,0.759
Q125,Q384,0.834,0.493
Q126,Q136,0.862,0.432
Q126,Q166,0.8,0.436
Q126,Q177,0.827,0.555
Q126,Q190,0.812,0.468
Q126,Q197,0.828,0.474
Q126,Q210,0.799,0.371
Q126,Q224,0.823,0.422
Q126,Q240,0.792,0.442
Q126,Q256,0.794,0.45
Q126,Q258,0.87,0.6
Q126,Q267,0.808,0.508
Q126,Q269,0.798,0.483
Q126,Q274,0.817,0.517
Q126,Q284,0.872,0.425
Q126,Q296,0.829,0.435
Q126,Q297,0.819,0.5
Q126,Q300,0.814,0.365
Q126,Q310,0.849,0.441
Q126,Q324,0.807,0.475
Q126,Q328,0.844,0.34
Q126,Q339,0.796,0.571
Q126,Q345,0.802,0.305
Q126,Q371,0.808,0.367
Q126,Q372,0.803,0.374
Q126,Q398,0.833,0.543
Q127,Q132,0.893,0.431
Q127,Q139,0.895,0.468
Q127,Q156,0.846,0.438
Q127,Q161,0.833,0.393
Q127,Q168,0.858,0.42
Q127,Q196,0.793,0.431
Q127,Q214,0.793,0.438
Q127,Q232,0.926,0.535
Q127,Q255,0.92,0.586
Q127,Q303,0.882,0.6
Q127,Q325,0.798,0.358
Q127,Q347,0.814,0.368
Q127,Q357,0.843,0.464
Q127,Q373,0.794,0.462
Q127,Q383,0.809,0.482
Q127,Q389,0.828,0.435
Q128,Q170,0.802,0.374
Q128,Q184,0.842,0.554
Q128,Q195,0.818,0.418
Q128,Q201,0.814,0.505
Q128,Q204,0.954,0.565
Q128,Q207,0.807,0.447
Q128,Q249,0.797,0.404
Q128,Q296,0.795,0.416
Q128,Q297,0.834,0.396
Q128,Q310,0.812,0.442
Q129,Q149,0.863,0.498
Q129,Q202,0.816,0.52
Q129,Q205,0.82,0.348
Q129,Q244,0.801,0.491
Q129,Q252,0.836,0.51
Q129,Q257,0.813,0.549
Q129,Q275,0.854,0.433
Q129,Q283,0.792,0.483
Q129,Q285,0.822,0.421
Q129,Q298,0.793,0.381
Q129,Q309,0.797,0.44
Q129,Q352,0.859,0.485
Q129,Q382,0.797,0.502
Q129,Q392,0.854,0.435
Q129,Q395,0.798,0.462
Q130,Q147,0.871,0.758
Q130,Q153,0.86,0.417
Q130,Q176,0.954,0.548
Q130,Q187,0.83,0.452
Q130,Q200,0.873,0.5
Q130,Q219,0.89,0.44
Q130,Q222,0.85,0.688
Q130,Q238,0.829,0.732
Q130,Q261,0.972,0.8
Q130,Q262,0.821,0.353
Q130,Q306,0.862,0.467
Q130,Q320,0.863,0.483
Q130,Q323,0.921,0.615
Q130,Q351,0.885,0.406
Q130,Q361,0.876,0.452
Q130,Q369,0.868,0.667
Q130,Q397,0.821,0.462
Q131,Q148,0.842,0.355
Q131,Q234,0.935,0.73
Q131,Q260,0.819,0.323
Q131,Q286,0.821,0.522
Q131,Q308,0.831,0.462
Q131,Q365,0.86,0.585
Q131,Q381,0.933,0.603
Q131,Q390,0.84,0.395
Q131,Q393,0.809,0.333
Q132,Q139,0.945,0.867
Q132,Q156,0.89,0.625
Q132,Q161,0.866,0.759
Q132,Q168,0.972,0.873
Q132,Q196,0.801,0.576
Q132,Q232,0.911,0.667
Q132,Q255,0.907,0.538
Q132,Q303,0.93,0.553
Q132,Q325,0.835,0.61
Q132,Q347,0.853,0.6
Q132,Q349,0.795,0.652
Q132,Q357,0.92,0.689
Q132,Q383,0.854,0.63
Q132,Q389,0.936,0.8
Q133,Q147,0.81,0.494
Q133,Q170,0.896,0.568
Q133,Q182,0.822,0.395
Q133,Q197,0.813,0.37
Q133,Q212,0.973,0.804
Q133,Q214,0.872,0.532
Q133,Q222,0.802,0.458
Q133,Q224,0.797,0.41
Q133,Q226,0.855,0.47
Q133,Q238,0.819,0.489
Q133,Q242,0.809,0.602
Q133,Q262,0.798,0.343
Q133,Q265,0.794,0.416
Q133,Q274,0.797,0.369
Q133,Q284,0.794,0.437
Q133,Q296,0.814,0.49
Q133,Q305,0.793,0.438
Q133,Q320,0.792,0.364
Q133,Q324,0.797,0.531
Q133,Q340,0.8,0.439
Q133,Q373,0.827,0.43
Q133,Q376,0.887,0.483
Q133,Q387,0.797,0.377
Q133,Q388,0.792,0.483
Q134,Q160,0.8,0.588
Q134,Q164,0.819,0.347
Q134,Q190,0.842,0.508
Q134,Q206,0.833,0.568
Q134,Q240,0.834,0.554
Q134,Q244,0.87,0.283
Q134,Q273,0.906,0.622
Q134,Q289,0.844,0.59
Q134,Q293,0.81,0.538
Q134,Q326,0.859,0.516
Q134,Q335,0.802,0.329
Q134,Q341,0.841,0.579
Q134,Q342,0.848,0.367
Q134,Q355,0.858,0.413
Q135,Q141,0.807,0.549
Q135,Q163,0.869,0.337
Q135,Q166,0.827,0.571
Q135,Q177,0.803,0.632
Q135,Q183,0.792,0.426
Q135,Q187,0.839,0.574
Q135,Q224,0.81,0.44
Q135,Q246,0.837,0.463
Q135,Q259,0.897,0.566
Q135,Q265,0.791,0.311
Q135,Q300,0.841,0.492
Q135,Q340,0.871,0.426
Q135,Q344,0.792,0.534
Q135,Q367,0.925,0.657
Q136,Q141,0.799,0.415
Q136,Q163,0.811,0.458
Q136,Q166,0.837,0.465
Q136,Q169,0.798,0.459
Q136,Q177,0.843,0.463
Q136,Q196,0.815,0.444
Q136,Q197,0.845,0.333
Q136,Q210,0.798,0.221
Q136,Q220,0.796,0.28
Q136,Q222,0.797,0.452
Q136,Q224,0.922,0.677
Q136,Q231,0.824,0.283
Q136,Q242,0.798,0.451
Q136,Q256,0.797,0.304
Q136,Q258,0.888,0.531
Q136,Q259,0.812,0.576
Q136,Q262,0.8,0.367
Q136,Q265,0.81,0.464
Q136,Q269,0.823,0.49
Q136,Q271,0.84,0.627
Q136,Q274,0.793,0.316
Q136,Q284,0.826,0.515
Q136,Q296,0.823,0.545
Q136,Q300,0.872,0.608
Q136,Q304,0.8,0.636
Q136,Q324,0.859,0.478
Q136,Q325,0.794,0.338
Q136,Q328,0.798,0.475
Q136,Q340,0.841,0.492
Q136,Q343,0.803,0.247
Q136,Q344,0.817,0.424
Q136,Q345,0.884,0.621
Q136,Q371,0.893,0.677
Q136,Q388,0.834,0.545
Q137,Q140,0.808,0.654
Q137,Q144,0.797,0.348
Q137,Q171,0.834,0.596
Q137,Q199,0.861,0.345
Q137,Q227,0.798,0.312
Q137,Q229,0.799,0.397
Q137,Q270,0.823,0.434
Q137,Q302,0.899,0.45
Q137,Q311,0.845,0.551
Q137,Q327,0.808,0.391
Q137,Q329,0.817,0.454
Q137,Q384,0.804,0.394
Q138,Q206,0.838,0.617
Q138,Q207,0.821,0.486
Q138,Q240,0.797,0.449
Q138,Q243,0.904,0.514
Q138,Q273,0.799,0.505
Q138,Q287,0.806,0.514
Q138,Q291,0.856,0.54
Q138,Q293,0.843,0.577
Q138,Q326,0.811,0.463
Q138,Q334,0.803,0.504
Q138,Q341,0.885,0.55
Q138,Q375,0.836,0.449
Q138,Q392,0.805,0.49
Q139,Q156,0.84,0.556
Q139,Q161,0.814,0.727
Q139,Q168,0.911,0.762
Q139,Q232,0.905,0.674
Q139,Q255,0.93,0.614
Q139,Q303,0.928,0.548
Q139,Q325,0.796,0.537
Q139,Q347,0.87,0.69
Q139,Q357,0.866,0.609
Q139,Q383,0.809,0.593
Q139,Q389,0.87,0.706
Q140,Q392,0.806,0.569
Q141,Q163,0.799,0.244
Q141,Q166,0.795,0.516
Q141,Q177,0.837,0.56
Q141,Q183,0.843,0.369
Q141,Q210,0.802,0.351
Q141,Q218,0.971,0.753
Q141,Q224,0.798,0.481
Q141,Q246,0.817,0.369
Q141,Q259,0.809,0.463
Q141,Q269,0.919,0.639
Q141,Q300,0.877,0.463
Q141,Q328,0.791,0.376
Q141,Q340,0.816,0.35
Q141,Q343,0.821,0.39
Q141,Q344,0.79,0.468
Q142,Q191,0.931,0.593
Q142,Q279,0.799,0.394
Q142,Q283,0.843,0.26
Q142,Q288,0.908,0.558
Q142,Q290,0.947,0.58
Q142,Q336,0.874,0.376
Q142,Q354,0.816,0.348
Q142,Q364,0.843,0.305
Q142,Q391,0.844,0.456
Q143,Q207,0.794,0.396
Q143,Q225,0.824,0.53
Q143,Q264,0.889,0.635
Q143,Q276,0.939,0.766
Q143,Q277,0.792,0.467
Q143,Q280,0.845,0.53
Q143,Q309,0.791,0.609
Q143,Q334,0.808,0.414
Q143,Q341,0.792,0.4
Q143,Q374,0.792,0.528
Q143,Q382,0.862,0.498
Q144,Q150,0.831,0.538
Q144,Q159,0.937,0.681
Q144,Q167,0.817,0.494
Q144,Q171,0.818,0.419
Q144,Q173,0.888,0.667
Q144,Q192,0.88,0.452
Q144,Q248,0.925,0.619
Q144,Q267,0.835,0.488
Q144,Q271,0.865,0.487
Q144,Q297,0.835,0.477
Q144,Q327,0.846,0.463
Q144,Q329,0.807,0.463
Q144,Q380,0.896,0.435
Q144,Q400,0.822,0.429
Q145,Q154,0.794,0.566
Q145,Q208,0.912,0.544
Q145,Q233,0.906,0.409
Q145,Q268,0.912,0.451
Q145,Q278,0.92,0.514
Q145,Q304,0.83,0.427
Q145,Q312,0.808,0.588
Q146,Q153,0.791,0.243
Q146,Q219,0.796,0.239
Q146,Q323,0.792,0.269
Q147,Q153,0.92,0.609
Q147,Q176,0.857,0.467
Q147,Q187,0.853,0.561
Q147,Q196,0.821,0.417
Q147,Q212,0.803,0.505
Q147,Q219,0.933,0.583
Q147,Q222,0.88,0.742
Q147,Q223,0.804,0.483
Q147,Q238,0.938,0.667
Q147,Q261,0.859,0.615
Q147,Q262,0.849,0.408
Q147,Q265,0.808,0.5
Q147,Q306,0.919,0.655
Q147,Q320,0.957,0.536
Q147,Q323,0.882,0.48
Q147,Q333,0.792,0.506
Q147,Q345,0.796,0.483
Q147,Q361,0.925,0.567
Q147,Q369,0.962,0.767
Q147,Q371,0.801,0.548
Q147,Q387,0.856,0.542
Q147,Q388,0.8,0.455
Q147,Q397,0.81,0.579
Q148,Q174,0.916,0.667
Q148,Q186,0.832,0.577
Q148,Q215,0.858,0.478
Q148,Q234,0.801,0.364
Q148,Q260,0.942,0.63
Q148,Q286,0.907,0.557
Q148,Q308,0.857,0.457
Q148,Q321,0.813,0.576
Q148,Q365,0.801,0.351
Q148,Q390,0.923,0.521
Q148,Q393,0.888,0.457
Q149,Q160,0.818,0.352
Q149,Q175,0.839,0.377
Q149,Q205,0.817,0.259
Q149,Q241,0.807,0.473
Q149,Q252,0.889,0.535
Q149,Q275,0.813,0.333
Q149,Q285,0.837,0.362
Q149,Q298,0.793,0.309
Q149,Q352,0.896,0.58
Q149,Q392,0.842,0.351
Q149,Q395,0.801,0.491
Q150,Q159,0.844,0.605
Q150,Q173,0.805,0.633
Q150,Q183,0.793,0.531
Q150,Q192,0.805,0.5
Q150,Q230,0.831,0.551
Q150,Q248,0.79,0.629
Q150,Q297,0.796,0.6
Q150,Q380,0.793,0.475
Q151,Q209,0.913,0.523
Q151,Q318,0.846,0.624
Q151,Q353,0.809,0.4
Q151,Q368,0.845,0.505
Q151,Q370,0.793,0.38
Q151,Q386,0.875,0.435
Q152,Q211,0.971,0.714
Q152,Q220,0.844,0.238
Q152,Q231,0.861,0.216
Q152,Q272,0.842,0.4
Q152,Q313,0.916,0.667
Q152,Q316,0.954,0.627
Q152,Q378,0.892,0.549
Q152,Q394,0.929,0.481
Q153,Q163,0.802,0.6
Q153,Q176,0.861,0.429
Q153,Q187,0.867,0.375
Q153,Q200,0.806,0.357
Q153,Q219,0.96,0.867
Q153,Q222,0.833,0.5
Q153,Q238,0.873,0.392
Q153,Q261,0.831,0.367
Q153,Q262,0.856,0.645
Q153,Q306,0.96,0.7
Q153,Q320,0.937,0.632
Q153,Q323,0.88,0.625
Q153,Q333,0.824,0.308
Q153,Q351,0.812,0.241
Q153,Q361,0.936,0.571
Q153,Q369,0.912,0.509
Q153,Q387,0.852,0.667
Q153,Q397,0.842,0.483
Q154,Q208,0.803,0.589
Q154,Q278,0.815,0.551
Q154,Q295,0.983,0.845
Q154,Q304,0.877,0.509
Q154,Q312,0.846,0.698
Q154,Q317,0.791,0.43
Q155,Q255,0.811,0.491
Q156,Q161,0.906,0.686
Q156,Q166,0.793,0.435
Q156,Q168,0.879,0.567
Q156,Q169,0.814,0.4
Q156,Q196,0.855,0.564
Q156,Q222,0.791,0.441
Q156,Q232,0.845,0.533
Q156,Q242,0.809,0.426
Q156,Q255,0.851,0.514
Q156,Q262,0.794,0.4
Q156,Q303,0.852,0.614
Q156,Q325,0.897,0.648
Q156,Q349,0.813,0.552
Q156,Q357,0.832,0.658
Q156,Q383,0.919,0.682
Q156,Q388,0.838,0.583
Q156,Q389,0.847,0.556
Q157,Q195,0.799,0.41
Q157,Q207,0.799,0.395
Q157,Q267,0.797,0.556
Q157,Q284,0.829,0.54
Q157,Q287,0.863,0.6
Q157,Q291,0.865,0.49
Q157,Q293,0.843,0.5
Q157,Q334,0.809,0.435
Q157,Q341,0.832,0.459
Q157,Q372,0.798,0.438
Q158,Q165,0.792,0.338
Q158,Q178,0.816,0.41
Q158,Q179,0.79,0.459
Q158,Q180,0.797,0.377
Q158,Q181,0.823,0.3
Q158,Q185,0.834,0.358
Q158,Q266,0.817,0.321
Q158,Q337,0.85,0.308
Q158,Q350,0.813,0.366
Q158,Q356,0.799,0.393
Q158,Q360,0.806,0.409
Q158,Q362,0.838,0.34
Q158,Q379,0.802,0.31
Q158,Q396,0.862,0.306
Q158,Q399,0.819,0.5
Q159,Q173,0.867,0.695
Q159,Q192,0.874,0.545
Q159,Q248,0.915,0.724
Q159,Q267,0.792,0.532
Q159,Q271,0.868,0.698
Q159,Q297,0.836,0.5
Q159,Q327,0.845,0.444
Q159,Q380,0.872,0.581
Q159,Q400,0.831,0.623
Q160,Q175,0.934,0.705
Q160,Q205,0.865,0.545
Q160,Q221,0.793,0.462
Q160,Q241,0.935,0.614
Q160,Q252,0.843,0.484
Q160,Q273,0.801,0.525
Q160,Q275,0.813,0.494
Q160,Q285,0.855,0.525
Q160,Q289,0.794,0.627
Q160,Q298,0.911,0.64
Q160,Q299,0.898,0.687
Q160,Q326,0.822,0.588
Q160,Q331,0.931,0.707
Q160,Q341,0.804,0.585
Q160,Q352,0.799,0.319
Q160,Q354,0.802,0.543
Q160,Q392,0.791,0.48
Q161,Q163,0.816,0.375
Q161,Q168,0.844,0.656
Q161,Q196,0.848,0.556
Q161,Q222,0.801,0.452
Q161,Q223,0.799,0.414
Q161,Q232,0.823,0.643
Q161,Q242,0.801,0.392
Q161,Q255,0.801,0.505
Q161,Q262,0.809,0.449
Q161,Q303,0.829,0.585
Q161,Q325,0.913,0.554
Q161,Q349,0.87,0.615
Q161,Q357,0.821,0.627
Q161,Q383,0.955,0.759
Q161,Q388,0.791,0.576
Q161,Q389,0.821,0.606
Q162,Q164,0.815,0.487
Q162,Q190,0.792,0.261
Q162,Q244,0.823,0.506
Q162,Q273,0.79,0.359
Q162,Q289,0.799,0.275
Q162,Q315,0.937,0.65
Q162,Q342,0.82,0.552
Q162,Q355,0.802,0.385
Q163,Q166,0.903,0.457
Q163,Q169,0.837,0.379
Q163,Q177,0.857,0.348
Q163,Q183,0.801,0.578
Q163,Q196,0.823,0.393
Q163,Q210,0.797,0.125
Q163,Q218,0.795,0.25
Q163,Q219,0.798,0.562
Q163,Q222,0.803,0.435
Q163,Q224,0.817,0.435
Q163,Q246,0.897,0.667
Q163,Q258,0.794,0.206
Q163,Q259,0.906,0.64
Q163,Q262,0.827,0.545
Q163,Q265,0.799,0.45
Q163,Q269,0.811,0.302
Q163,Q300,0.882,0.508
Q163,Q324,0.798,0.289
Q163,Q325,0.806,0.449
Q163,Q339,0.805,0.195
Q163,Q340,0.948,0.711
Q163,Q343,0.83,0.18
Q163,Q344,0.812,0.313
Q163,Q345,0.828,0.524
Q163,Q349,0.826,0.5
Q163,Q367,0.866,0.432
Q164,Q190,0.836,0.305
Q164,Q240,0.821,0.327
Q164,Q244,0.862,0.509
Q164,Q263,0.795,0.471
Q164,Q273,0.816,0.395
Q164,Q280,0.821,0.524
Q164,Q289,0.867,0.362
Q164,Q293,0.794,0.398
Q164,Q326,0.821,0.267
Q164,Q335,0.884,0.619
Q164,Q341,0.791,0.366
Q164,Q342,0.839,0.494
Q164,Q355,0.852,0.444
Q164,Q382,0.795,0.498
Q165,Q178,0.88,0.424
Q165,Q337,0.891,0.465
Q165,Q350,0.841,0.391
Q165,Q356,0.809,0.39
Q165,Q360,0.806,0.369
Q165,Q396,0.872,0.452
Q166,Q169,0.909,0.542
Q166,Q177,0.874,0.646
Q166,Q183,0.793,0.458
Q166,Q196,0.871,0.489
Q166,Q210,0.821,0.314
Q166,Q224,0.794,0.5
Q166,Q231,0.8,0.35
Q166,Q242,0.832,0.516
Q166,Q246,0.868,0.53
Q166,Q258,0.865,0.474
Q166,Q259,0.884,0.636
Q166,Q265,0.796,0.41
Q166,Q269,0.832,0.565
Q166,Q300,0.867,0.594
Q166,Q324,0.831,0.421
Q166,Q325,0.823,0.414
Q166,Q339,0.882,0.469
Q166,Q340,0.943,0.554
Q166,Q343,0.831,0.398
Q166,Q344,0.821,0.545
Q166,Q349,0.817,0.405
Q166,Q367,0.832,0.679
Q166,Q383,0.793,0.475
Q166,Q388,0.818,0.477
Q167,Q173,0.807,0.537
Q167,Q188,0.793,0.492
Q167,Q193,0.888,0.558
Q167,Q194,0.796,0.258
Q167,Q202,0.821,0.352
Q167,Q210,0.807,0.217
Q167,Q213,0.83,0.312
Q167,Q217,0.826,0.579
Q167,Q253,0.802,0.266
Q167,Q267,0.962,0.716
Q167,Q328,0.807,0.677
Q167,Q346,0.818,0.579
Q168,Q196,0.791,0.493
Q168,Q232,0.886,0.593
Q168,Q255,0.878,0.5
Q168,Q262,0.808,0.435
Q168,Q303,0.883,0.532
Q168,Q325,0.826,0.581
Q168,Q347,0.812,0.566
Q168,Q349,0.796,0.531
Q168,Q357,0.918,0.656
Q168,Q383,0.84,0.579
Q168,Q387,0.794,0.444
Q168,Q389,0.957,0.921
Q169,Q196,0.867,0.561
Q169,Q222,0.798,0.417
Q169,Q223,0.792,0.441
Q169,Q242,0.817,0.536
Q169,Q246,0.818,0.479
Q169,Q258,0.855,0.423
Q169,Q259,0.815,0.5
Q169,Q262,0.806,0.305
Q169,Q324,0.817,0.412
Q169,Q325,0.839,0.373
Q169,Q339,0.833,0.378
Q169,Q340,0.857,0.423
Q169,Q349,0.835,0.419
Q169,Q350,0.805,0.5
Q169,Q383,0.81,0.517
Q169,Q388,0.855,0.526
Q170,Q182,0.8,0.412
Q170,Q184,0.804,0.484
Q170,Q195,0.793,0.404
Q170,Q197,0.807,0.304
Q170,Q204,0.848,0.423
Q170,Q212,0.902,0.553
Q170,Q214,0.884,0.484
Q170,Q224,0.797,0.462
Q170,Q226,0.894,0.456
Q170,Q262,0.79,0.538
Q170,Q274,0.791,0.298
Q170,Q284,0.82,0.348
Q170,Q296,0.855,0.475
Q170,Q297,0.809,0.35
Q170,Q305,0.815,0.59
Q170,Q310,0.796,0.432
Q170,Q348,0.808,0.384
Q170,Q372,0.816,0.38
Q170,Q373,0.795,0.507
Q170,Q376,0.898,0.429
Q171,Q173,0.796,0.566
Q171,Q193,0.801,0.491
Q171,Q229,0.81,0.427
Q171,Q248,0.794,0.517
Q171,Q270,0.83,0.627
Q171,Q301,0.878,0.639
Q171,Q302,0.826,0.387
Q171,Q311,0.886,0.481
Q171,Q327,0.829,0.574
Q171,Q329,0.871,0.526
Q171,Q384,0.832,0.64
Q172,Q182,0.817,0.492
Q172,Q232,0.792,0.524
Q172,Q373,0.836,0.556
Q173,Q192,0.818,0.496
Q173,Q248,0.871,0.755
Q173,Q257,0.79,0.432
Q173,Q267,0.836,0.552
Q173,Q269,0.794,0.509
Q173,Q271,0.824,0.532
Q173,Q275,0.798,0.37
Q173,Q297,0.825,0.562
Q173,Q300,0.795,0.462
Q173,Q327,0.828,0.627
Q173,Q345,0.802,0.486
Q173,Q352,0.794,0.349
Q173,Q371,0.822,0.459
Q173,Q380,0.809,0.473
Q173,Q392,0.817,0.439
Q174,Q215,0.804,0.429
Q174,Q260,0.902,0.561
Q174,Q286,0.848,0.5
Q174,Q390,0.89,0.553
Q174,Q393,0.923,0.493
Q175,Q205,0.877,0.55
Q175,Q221,0.808,0.528
Q175,Q241,0.92,0.696
Q175,Q252,0.857,0.623
Q175,Q275,0.795,0.424
Q175,Q285,0.837,0.489
Q175,Q298,0.86,0.562
Q175,Q299,0.859,0.593
Q175,Q331,0.877,0.566
Q175,Q352,0.81,0.376
Q175,Q354,0.821,0.611
Q176,Q187,0.817,0.385
Q176,Q200,0.865,0.486
Q176,Q219,0.88,0.409
Q176,Q222,0.826,0.448
Q176,Q238,0.828,0.523
Q176,Q261,0.931,0.486
Q176,Q262,0.813,0.356
Q176,Q306,0.881,0.519
Q176,Q320,0.889,0.577
Q176,Q323,0.925,0.565
Q176,Q351,0.874,0.443
Q176,Q361,0.919,0.75
Q176,Q369,0.849,0.435
Q177,Q183,0.827,0.438
Q177,Q188,0.841,0.525
Q177,Q197,0.892,0.538
Q177,Q210,0.864,0.425
Q177,Q216,0.812,0.425
Q177,Q218,0.833,0.568
Q177,Q224,0.818,0.434
Q177,Q246,0.828,0.438
Q177,Q256,0.803,0.465
Q177,Q258,0.848,0.573
Q177,Q259,0.828,0.545
Q177,Q269,0.854,0.63
Q177,Q274,0.854,0.564
Q177,Q284,0.8,0.436
Q177,Q296,0.888,0.595
Q177,Q300,0.899,0.553
Q177,Q310,0.87,0.574
Q177,Q324,0.815,0.441
Q177,Q328,0.894,0.505
Q177,Q330,0.816,0.523
Q177,Q332,0.853,0.581
Q177,Q339,0.816,0.542
Q177,Q340,0.881,0.457
Q177,Q343,0.851,0.529
Q177,Q344,0.796,0.503
Q177,Q345,0.8,0.412
Q177,Q367,0.805,0.612
Q177,Q398,0.847,0.569
Q178,Q337,0.894,0.581
Q178,Q350,0.794,0.404
Q178,Q356,0.899,0.548
Q178,Q360,0.808,0.417
Q178,Q396,0.879,0.5
Q179,Q180,0.907,0.562
Q179,Q181,0.942,0.51
Q179,Q185,0.902,0.487
Q179,Q189,0.841,0.512
Q179,Q254,0.948,0.59
Q179,Q294,0.823,0.545
Q179,Q359,0.796,0.448
Q179,Q362,0.92,0.414
Q179,Q377,0.885,0.6
Q179,Q379,0.972,0.406
Q179,Q385,0.802,0.458
Q179,Q399,0.935,0.687
Q180,Q181,0.938,0.605
Q180,Q185,0.874,0.457
Q180,Q189,0.861,0.538
Q180,Q254,0.929,0.657
Q180,Q294,0.854,0.609
Q180,Q359,0.859,0.542
Q180,Q360,0.807,0.553
Q180,Q362,0.888,0.6
Q180,Q377,0.897,0.611
Q180,Q379,0.933,0.525
Q180,Q385,0.827,0.545
Q180,Q399,0.932,0.678
Q181,Q185,0.898,0.246
Q181,Q189,0.857,0.462
Q181,Q254,0.938,0.491
Q181,Q294,0.851,0.5
Q181,Q356,0.792,0.391
Q181,Q359,0.799,0.478
Q181,Q360,0.805,0.647
Q181,Q362,0.921,0.378
Q181,Q377,0.89,0.508
Q181,Q379,0.967,0.625
Q181,Q385,0.818,0.347
Q181,Q399,0.957,0.565
Q182,Q212,0.819,0.348
Q182,Q214,0.843,0.427
Q182,Q305,0.799,0.447
Q182,Q332,0.821,0.486
Q182,Q373,0.93,0.493
Q182,Q376,0.831,0.438
Q183,Q210,0.802,0.187
Q183,Q218,0.832,0.376
Q183,Q246,0.826,0.586
Q183,Q259,0.795,0.603
Q183,Q269,0.824,0.444
Q183,Q300,0.865,0.632
Q183,Q340,0.807,0.621
Q184,Q195,0.865,0.473
Q184,Q201,0.966,0.937
Q184,Q204,0.871,0.522
Q184,Q207,0.839,0.524
Q184,Q216,0.793,0.43
Q184,Q225,0.798,0.364
Q184,Q226,0.791,0.474
Q184,Q282,0.87,0.569
Q184,Q284,0.842,0.489
Q184,Q287,0.847,0.536
Q184,Q293,0.811,0.466
Q184,Q296,0.794,0.455
Q184,Q297,0.81,0.515
Q184,Q310,0.804,0.421
Q184,Q328,0.797,0.361
Q184,Q334,0.799,0.504
Q184,Q348,0.834,0.383
Q184,Q372,0.865,0.44
Q185,Q189,0.807,0.457
Q185,Q254,0.883,0.524
Q185,Q294,0.796,0.458
Q185,Q337,0.798,0.512
Q185,Q350,0.816,0.545
Q185,Q359,0.815,0.493
Q185,Q362,0.924,0.625
Q185,Q377,0.853,0.512
Q185,Q379,0.911,0.373
Q185,Q399,0.897,0.438
Q186,Q215,0.967,0.708
Q186,Q260,0.844,0.577
Q186,Q286,0.894,0.678
Q186,Q308,0.869,0.647
Q186,Q321,0.858,0.656
Q186,Q390,0.893,0.479
Q186,Q393,0.869,0.382
Q187,Q200,0.796,0.478
Q187,Q219,0.885,0.364
Q187,Q222,0.798,0.475
Q187,Q238,0.804,0.506
Q187,Q261,0.807,0.438
Q187,Q262,0.801,0.358
Q187,Q306,0.836,0.447
Q187,Q320,0.851,0.378
Q187,Q323,0.826,0.382
Q187,Q361,0.832,0.436
Q187,Q369,0.826,0.527
Q187,Q387,0.809,0.424
Q187,Q397,0.798,0.596
Q188,Q197,0.875,0.509
Q188,Q210,0.809,0.384
Q188,Q216,0.923,0.595
Q188,Q247,0.807,0.383
Q188,Q256,0.812,0.422
Q188,Q267,0.823,0.504
Q188,Q269,0.799,0.442
Q188,Q274,0.881,0.562
Q188,Q284,0.869,0.525
Q188,Q287,0.799,0.48
Q188,Q296,0.893,0.62
Q188,Q297,0.819,0.465
Q188,Q310,0.903,0.537
Q188,Q328,0.914,0.468
Q188,Q330,0.87,0.504
Q188,Q332,0.862,0.56
Q188,Q398,0.877,0.524
Q189,Q254,0.848,0.5
Q189,Q294,0.86,0.637
Q189,Q362,0.814,0.389
Q189,Q377,0.936,0.723
Q189,Q379,0.857,0.506
Q189,Q385,0.884,0.6
Q189,Q399,0.865,0.543
Q190,Q206,0.843,0.48
Q190,Q207,0.824,0.481
Q190,Q225,0.823,0.262
Q190,Q240,0.964,0.848
Q190,Q243,0.797,0.416
Q190,Q244,0.862,0.25
Q190,Q263,0.824,0.27
Q190,Q273,0.872,0.533
Q190,Q282,0.838,0.522
Q190,Q287,0.844,0.575
Q190,Q289,0.924,0.613
Q190,Q293,0.895,0.582
Q190,Q309,0.796,0.277
Q190,Q326,0.95,0.825
Q190,Q334,0.801,0.442
Q190,Q335,0.83,0.267
Q190,Q341,0.86,0.519
Q190,Q342,0.868,0.311
Q190,Q355,0.907,0.516
Q190,Q372,0.815,0.421
Q190,Q382,0.829,0.353
Q191,Q250,0.805,0.291
Q191,Q279,0.822,0.657
Q191,Q283,0.873,0.309
Q191,Q288,0.908,0.596
Q191,Q290,0.965,0.795
Q191,Q336,0.879,0.343
Q191,Q354,0.861,0.575
Q191,Q358,0.812,0.536
Q191,Q364,0.857,0.341
Q191,Q391,0.872,0.721
Q192,Q224,0.801,0.468
Q192,Q248,0.87,0.519
Q192,Q271,0.906,0.483
Q192,Q297,0.815,0.46
Q192,Q333,0.795,0.561
Q192,Q380,0.939,0.573
Q192,Q400,0.868,0.574
Q193,Q194,0.843,0.341
Q193,Q202,0.865,0.474
Q193,Q210,0.795,0.265
Q193,Q213,0.848,0.406
Q193,Q217,0.919,0.837
Q193,Q227,0.845,0.471
Q193,Q229,0.801,0.507
Q193,Q253,0.84,0.364
Q193,Q267,0.868,0.484
Q193,Q275,0.795,0.5
Q193,Q311,0.806,0.487
Q193,Q346,0.914,0.837
Q194,Q202,0.85,0.418
Q194,Q213,0.81,0.393
Q194,Q217,0.802,0.282
Q194,Q227,0.804,0.157
Q194,Q252,0.804,0.418
Q194,Q253,0.918,0.681
Q194,Q267,0.802,0.277
Q194,Q275,0.799,0.318
Q194,Q285,0.816,0.292
Q194,Q292,0.845,0.37
Q194,Q298,0.797,0.274
Q194,Q311,0.807,0.383
Q194,Q346,0.79,0.282
Q194,Q392,0.804,0.282
Q195,Q201,0.853,0.459
Q195,Q204,0.835,0.356
Q195,Q207,0.91,0.594
Q195,Q225,0.831,0.39
Q195,Q226,0.829,0.556
Q195,Q240,0.796,0.386
Q195,Q249,0.795,0.515
Q195,Q282,0.905,0.544
Q195,Q284,0.845,0.523
Q195,Q287,0.866,0.505
Q195,Q293,0.814,0.455
Q195,Q296,0.798,0.444
Q195,Q297,0.872,0.525
Q195,Q309,0.802,0.379
Q195,Q310,0.81,0.452
Q195,Q328,0.806,0.346
Q195,Q334,0.836,0.479
Q195,Q341,0.82,0.444
Q195,Q348,0.925,0.435
Q195,Q364,0.802,0.463
Q195,Q372,0.926,0.449
Q195,Q376,0.792,0.513
Q195,Q398,0.796,0.539
Q196,Q219,0.793,0.393
Q196,Q220,0.794,0.348
Q196,Q222,0.842,0.4
Q196,Q223,0.805,0.424
Q196,Q231,0.802,0.327
Q196,Q238,0.848,0.519
Q196,Q242,0.861,0.527
Q196,Q258,0.837,0.446
Q196,Q262,0.833,0.386
Q196,Q265,0.834,0.406
Q196,Q271,0.792,0.4
Q196,Q303,0.816,0.6
Q196,Q306,0.8,0.545
Q196,Q320,0.813,0.531
Q196,Q324,0.803,0.42
Q196,Q325,0.826,0.411
Q196,Q339,0.821,0.382
Q196,Q340,0.833,0.435
Q196,Q349,0.923,0.6
Q196,Q361,0.809,0.559
Q196,Q371,0.81,0.486
Q196,Q383,0.848,0.598
Q196,Q387,0.801,0.429
Q196,Q388,0.859,0.676
Q197,Q210,0.836,0.517
Q197,Q212,0.792,0.39
Q197,Q214,0.809,0.438
Q197,Q216,0.839,0.335
Q197,Q220,0.805,0.485
Q197,Q224,0.84,0.361
Q197,Q226,0.807,0.465
Q197,Q231,0.794,0.494
Q197,Q247,0.838,0.359
Q197,Q256,0.866,0.524
Q197,Q258,0.836,0.498
Q197,Q269,0.804,0.476
Q197,Q274,0.922,0.603
Q197,Q284,0.853,0.318
Q197,Q296,0.913,0.453
Q197,Q297,0.846,0.431
Q197,Q300,0.827,0.328
Q197,Q310,0.892,0.4
Q197,Q324,0.825,0.408
Q197,Q328,0.891,0.319
Q197,Q330,0.873,0.374
Q197,Q332,0.9,0.429
Q197,Q340,0.804,0.267
Q197,Q343,0.814,0.503
Q197,Q345,0.812,0.247
Q197,Q366,0.793,0.455
Q197,Q371,0.808,0.289
Q197,Q376,0.8,0.432
Q197,Q380,0.793,0.467
Q197,Q398,0.892,0.447
Q198,Q280,0.812,0.506
Q199,Q229,0.82,0.556
Q199,Q270,0.822,0.388
Q199,Q302,0.911,0.69
Q199,Q311,0.811,0.362
Q199,Q327,0.8,0.333
Q199,Q329,0.813,0.38
Q199,Q384,0.815,0.369
Q200,Q219,0.839,0.345
Q200,Q261,0.859,0.523
Q200,Q323,0.871,0.433
Q200,Q349,0.793,0.355
Q200,Q351,0.82,0.426
Q200,Q361,0.797,0.457
Q200,Q397,0.792,0.349
Q201,Q204,0.838,0.527
Q201,Q207,0.81,0.49
Q201,Q216,0.801,0.435
Q201,Q226,0.806,0.493
Q201,Q282,0.836,0.522
Q201,Q284,0.805,0.472
Q201,Q287,0.803,0.521
Q201,Q297,0.818,0.5
Q201,Q328,0.797,0.366
Q201,Q348,0.827,0.409
Q201,Q372,0.833,0.444
Q202,Q206,0.805,0.523
Q202,Q210,0.797,0.393
Q202,Q213,0.862,0.441
Q202,Q252,0.81,0.621
Q202,Q253,0.825,0.431
Q202,Q267,0.827,0.431
Q202,Q275,0.823,0.385
Q202,Q285,0.803,0.462
Q202,Q309,0.79,0.491
Q202,Q311,0.808,0.571
Q202,Q341,0.81,0.439
Q202,Q342,0.803,0.532
Q202,Q352,0.797,0.471
Q202,Q380,0.81,0.429
Q202,Q392,0.875,0.512
Q203,Q251,0.932,0.8
Q203,Q338,0.827,0.615
Q203,Q353,0.82,0.567
Q203,Q368,0.833,0.537
Q204,Q207,0.828,0.386
Q204,Q226,0.796,0.383
Q204,Q249,0.797,0.405
Q204,Q282,0.817,0.375
Q204,Q284,0.822,0.343
Q204,Q287,0.805,0.442
Q204,Q296,0.825,0.444
Q204,Q297,0.829,0.346
Q204,Q310,0.829,0.427
Q204,Q328,0.797,0.349
Q204,Q334,0.799,0.465
Q204,Q348,0.807,0.378
Q204,Q372,0.811,0.375
Q204,Q376,0.805,0.343
Q205,Q221,0.83,0.377
Q205,Q241,0.848,0.43
Q205,Q252,0.901,0.483
Q205,Q275,0.841,0.545
Q205,Q283,0.814,0.254
Q205,Q285,0.902,0.639
Q205,Q290,0.8,0.493
Q205,Q298,0.909,0.657
Q205,Q299,0.793,0.508
Q205,Q331,0.823,0.418
Q205,Q336,0.792,0.381
Q205,Q352,0.85,0.3
Q205,Q354,0.902,0.603
Q205,Q364,0.798,0.296
Q205,Q391,0.798,0.525
Q205,Q392,0.809,0.537
Q206,Q207,0.851,0.578
Q206,Q240,0.857,0.494
Q206,Q243,0.823,0.568
Q206,Q244,0.792,0.345
Q206,Q263,0.808,0.408
Q206,Q273,0.846,0.535
Q206,Q276,0.792,0.438
Q206,Q280,0.805,0.398
Q206,Q282,0.83,0.505
Q206,Q287,0.836,0.5
Q206,Q289,0.855,0.548
Q206,Q291,0.822,0.552
Q206,Q293,0.916,0.6
Q206,Q309,0.805,0.413
Q206,Q326,0.852,0.486
Q206,Q334,0.82,0.491
Q206,Q341,0.941,0.614
Q206,Q342,0.792,0.428
Q206,Q355,0.854,0.519
Q206,Q382,0.824,0.398
Q206,Q392,0.811,0.543
Q207,Q225,0.841,0.369
Q207,Q240,0.853,0.519
Q207,Q243,0.814,0.457
Q207,Q276,0.815,0.416
Q207,Q277,0.802,0.459
Q207,Q282,0.899,0.654
Q207,Q284,0.843,0.42
Q207,Q287,0.923,0.591
Q207,Q289,0.821,0.519
Q207,Q291,0.809,0.467
Q207,Q293,0.875,0.553
Q207,Q296,0.791,0.413
Q207,Q297,0.849,0.522
Q207,Q309,0.834,0.457
Q207,Q310,0.81,0.419
Q207,Q326,0.836,0.462
Q207,Q328,0.796,0.351
Q207,Q334,0.905,0.582
Q207,Q341,0.882,0.478
Q207,Q348,0.88,0.588
Q207,Q355,0.819,0.481
Q207,Q366,0.805,0.261
Q207,Q372,0.888,0.615
Q207,Q382,0.803,0.389
Q207,Q398,0.795,0.407
Q208,Q233,0.878,0.339
Q208,Q268,0.859,0.347
Q208,Q278,0.886,0.451
Q208,Q295,0.794,0.558
Q208,Q304,0.814,0.364
Q209,Q237,0.793,0.434
Q209,Q318,0.854,0.44
Q209,Q319,0.797,0.441
Q209,Q353,0.896,0.774
Q209,Q368,0.863,0.597
Q209,Q370,0.796,0.328
Q209,Q386,0.922,0.541
Q210,Q218,0.799,0.354
Q210,Q220,0.803,0.48
Q210,Q246,0.801,0.209
Q210,Q250,0.795,0.467
Q210,Q253,0.816,0.539
Q210,Q256,0.796,0.503
Q210,Q258,0.823,0.406
Q210,Q259,0.798,0.234
Q210,Q267,0.82,0.241
Q210,Q269,0.823,0.356
Q210,Q274,0.809,0.455
Q210,Q296,0.802,0.303
Q210,Q300,0.837,0.273
Q210,Q328,0.794,0.195
Q210,Q339,0.83,0.467
Q210,Q340,0.812,0.187
Q210,Q343,0.831,0.529
Q210,Q352,0.819,0.497
Q210,Q371,0.803,0.193
Q211,Q220,0.824,0.301
Q211,Q231,0.846,0.264
Q211,Q272,0.849,0.413
Q211,Q313,0.887,0.642
Q211,Q316,0.942,0.542
Q211,Q378,0.87,0.576
Q211,Q394,0.915,0.355
Q212,Q214,0.862,0.522
Q212,Q222,0.794,0.539
Q212,Q224,0.802,0.36
Q212,Q226,0.854,0.464
Q212,Q238,0.818,0.625
Q212,Q242,0.794,0.558
Q212,Q262,0.79,0.342
Q212,Q296,0.811,0.442
Q212,Q297,0.791,0.404
Q212,Q340,0.804,0.455
Q212,Q373,0.825,0.404
Q212,Q376,0.875,0.475
Q213,Q217,0.792,0.375
Q213,Q267,0.856,0.436
Q214,Q226,0.845,0.548
Q214,Q238,0.798,0.495
Q214,Q296,0.796,0.515
Q214,Q305,0.817,0.444
Q214,Q332,0.794,0.515
Q214,Q333,0.808,0.43
Q214,Q373,0.897,0.583
Q214,Q376,0.89,0.487
Q214,Q387,0.813,0.361
Q215,Q260,0.866,0.597
Q215,Q286,0.919,0.595
Q215,Q308,0.863,0.699
Q215,Q321,0.845,0.608
Q215,Q390,0.898,0.488
Q215,Q393,0.871,0.41
Q216,Q274,0.846,0.368
Q216,Q284,0.831,0.535
Q216,Q296,0.872,0.561
Q216,Q310,0.888,0.579
Q216,Q328,0.896,0.594
Q216,Q330,0.856,0.528
Q216,Q332,0.839,0.487
Q216,Q398,0.866,0.49
Q217,Q227,0.91,0.552
Q217,Q229,0.793,0.462
Q217,Q253,0.811,0.298
Q217,Q267,0.837,0.543
Q217,Q292,0.82,0.477
Q217,Q302,0.795,0.493
Q217,Q311,0.791,0.476
Q217,Q327,0.797,0.39
Q217,Q346,0.99,1.0
Q218,Q246,0.803,0.376
Q218,Q259,0.806,0.491
Q218,Q269,0.916,0.634
Q218,Q300,0.866,0.471
Q218,Q340,0.808,0.376
Q218,Q343,0.829,0.402
Q219,Q222,0.846,0.522
Q219,Q223,0.799,0.429
Q219,Q238,0.861,0.377
Q219,Q261,0.865,0.355
Q219,Q262,0.853,0.545
Q219,Q265,0.809,0.5
Q219,Q271,0.8,0.431
Q219,Q306,0.932,0.619
Q219,Q320,0.944,0.55
Q219,Q323,0.899,0.647
Q219,Q333,0.825,0.299
Q219,Q345,0.811,0.476
Q219,Q351,0.823,0.236
Q219,Q361,0.935,0.5
Q219,Q369,0.91,0.526
Q219,Q387,0.839,0.562
Q219,Q397,0.871,0.467
Q220,Q231,0.966,0.61
Q220,Q244,0.818,0.505
Q220,Q258,0.82,0.446
Q220,Q313,0.8,0.198
Q220,Q316,0.823,0.234
Q220,Q339,0.815,0.548
Q220,Q343,0.807,0.607
Q220,Q378,0.831,0.287
Q220,Q394,0.83,0.23
Q221,Q252,0.808,0.644
Q221,Q283,0.806,0.482
Q221,Q285,0.796,0.471
Q221,Q298,0.827,0.458
Q222,Q223,0.864,0.429
Q222,Q224,0.799,0.4
Q222,Q231,0.791,0.219
Q222,Q238,0.858,0.687
Q222,Q242,0.827,0.4
Q222,Q261,0.832,0.526
Q222,Q262,0.968,0.723
Q222,Q265,0.91,0.741
Q222,Q306,0.854,0.5
Q222,Q320,0.854,0.407
Q222,Q323,0.812,0.458
Q222,Q340,0.797,0.644
Q222,Q345,0.845,0.5
Q222,Q349,0.827,0.48
Q222,Q361,0.84,0.483
Q222,Q369,0.873,0.62
Q222,Q371,0.859,0.533
Q222,Q383,0.792,0.39
Q222,Q387,0.797,0.565
Q222,Q388,0.829,0.438
Q223,Q224,0.812,0.464
Q223,Q242,0.8,0.375
Q223,Q262,0.858,0.372
Q223,Q265,0.8,0.52
Q223,Q320,0.824,0.52
Q223,Q345,0.791,0.5
Q223,Q349,0.844,0.435
Q223,Q361,0.794,0.519
Q223,Q388,0.812,0.367
Q224,Q226,0.803,0.422
Q224,Q240,0.799,0.562
Q224,Q256,0.804,0.296
Q224,Q258,0.796,0.432
Q224,Q259,0.818,0.469
Q224,Q262,0.793,0.34
Q224,Q265,0.798,0.444
Q224,Q269,0.8,0.4
Q224,Q271,0.838,0.677
Q224,Q284,0.809,0.5
Q224,Q296,0.827,0.56
Q224,Q297,0.847,0.587
Q224,Q300,0.865,0.494
Q224,Q324,0.82,0.444
Q224,Q328,0.791,0.491
Q224,Q340,0.828,0.441
Q224,Q344,0.796,0.454
Q224,Q345,0.892,0.571
Q224,Q371,0.851,0.667
Q224,Q398,0.812,0.527
Q225,Q240,0.843,0.294
Q225,Q244,0.852,0.555
Q225,Q263,0.865,0.583
Q225,Q264,0.801,0.497
Q225,Q276,0.819,0.563
Q225,Q280,0.842,0.493
Q225,Q282,0.845,0.42
Q225,Q287,0.846,0.311
Q225,Q289,0.811,0.256
Q225,Q293,0.83,0.328
Q225,Q309,0.817,0.538
Q225,Q326,0.802,0.254
Q225,Q334,0.834,0.385
Q225,Q335,0.83,0.539
Q225,Q341,0.828,0.314
Q225,Q342,0.871,0.524
Q225,Q355,0.827,0.341
Q225,Q366,0.802,0.534
Q225,Q372,0.806,0.307
Q225,Q374,0.84,0.543
Q225,Q382,0.875,0.537
Q226,Q235,0.791,0.464
Q226,Q265,0.81,0.35
Q226,Q274,0.805,0.478
Q226,Q284,0.804,0.407
Q226,Q296,0.81,0.452
Q226,Q297,0.842,0.5
Q226,Q305,0.832,0.508
Q226,Q333,0.8,0.523
Q226,Q348,0.803,0.479
Q226,Q372,0.808,0.504
Q226,Q376,0.883,0.493
Q226,Q400,0.812,0.507
Q227,Q229,0.804,0.511
Q227,Q292,0.856,0.44
Q227,Q302,0.811,0.431
Q227,Q346,0.919,0.552
Q229,Q270,0.81,0.388
Q229,Q302,0.845,0.586
Q229,Q311,0.863,0.511
Q229,Q329,0.818,0.456
Q229,Q346,0.792,0.462
Q229,Q384,0.792,0.369
Q230,Q341,0.807,0.557
Q230,Q348,0.846,0.528
Q230,Q372,0.817,0.487
Q231,Q244,0.792,0.524
Q231,Q258,0.817,0.452
Q231,Q265,0.803,0.196
Q231,Q313,0.818,0.179
Q231,Q316,0.839,0.242
Q231,Q339,0.805,0.535
Q231,Q343,0.797,0.538
Q231,Q378,0.841,0.242
Q231,Q388,0.791,0.252
Q231,Q394,0.855,0.21
Q232,Q255,0.935,0.639
Q232,Q303,0.885,0.627
Q232,Q325,0.804,0.447
Q232,Q347,0.823,0.605
Q232,Q357,0.849,0.506
Q232,Q383,0.807,0.626
Q232,Q389,0.859,0.558
Q233,Q268,0.954,0.684
Q233,Q278,0.918,0.571
Q233,Q304,0.844,0.595
Q233,Q312,0.792,0.478
Q234,Q365,0.791,0.48
Q234,Q381,0.914,0.679
Q235,Q305,0.818,0.412
Q235,Q333,0.86,0.545
Q235,Q376,0.793,0.41
Q235,Q400,0.808,0.544
Q236,Q371,0.839,0.558
Q237,Q251,0.794,0.519
Q237,Q318,0.806,0.385
Q237,Q353,0.846,0.427
Q237,Q368,0.849,0.467
Q238,Q261,0.839,0.723
Q238,Q262,0.825,0.407
Q238,Q265,0.792,0.492
Q238,Q271,0.791,0.472
Q238,Q306,0.88,0.476
Q238,Q320,0.894,0.393
Q238,Q323,0.839,0.473
Q238,Q333,0.814,0.523
Q238,Q349,0.79,0.526
Q238,Q361,0.885,0.462
Q238,Q369,0.928,0.718
Q238,Q387,0.879,0.453
Q238,Q388,0.809,0.535
Q240,Q243,0.818,0.481
Q240,Q244,0.837,0.278
Q240,Q263,0.795,0.289
Q240,Q273,0.871,0.649
Q240,Q280,0.803,0.286
Q240,Q282,0.847,0.532
Q240,Q284,0.805,0.441
Q240,Q287,0.862,0.587
Q240,Q289,0.9,0.625
Q240,Q293,0.898,0.593
Q240,Q309,0.82,0.309
Q240,Q326,0.945,0.862
Q240,Q334,0.818,0.495
Q240,Q335,0.821,0.323
Q240,Q341,0.891,0.582
Q240,Q342,0.838,0.36
Q240,Q355,0.881,0.484
Q240,Q366,0.812,0.203
Q240,Q372,0.827,0.462
Q240,Q382,0.833,0.36
Q240,Q398,0.797,0.547
Q241,Q252,0.836,0.556
Q241,Q275,0.808,0.393
Q241,Q285,0.826,0.486
Q241,Q298,0.862,0.51
Q241,Q299,0.835,0.553
Q241,Q331,0.891,0.698
Q241,Q352,0.798,0.437
Q241,Q354,0.795,0.444
Q242,Q258,0.811,0.583
Q242,Q262,0.835,0.276
Q242,Q265,0.839,0.362
Q242,Q324,0.793,0.462
Q242,Q325,0.799,0.311
Q242,Q340,0.806,0.343
Q242,Q345,0.796,0.333
Q242,Q349,0.821,0.356
Q242,Q376,0.823,0.602
Q242,Q383,0.805,0.496
Q242,Q388,0.823,0.5
Q243,Q282,0.795,0.495
Q243,Q287,0.812,0.488
Q243,Q289,0.811,0.587
Q243,Q291,0.848,0.542
Q243,Q293,0.85,0.478
Q243,Q326,0.815,0.421
Q243,Q334,0.805,0.426
Q243,Q341,0.868,0.511
Q243,Q355,0.796,0.415
Q243,Q375,0.798,0.486
Q244,Q258,0.807,0.432
Q244,Q263,0.918,0.575
Q244,Q273,0.856,0.335
Q244,Q280,0.813,0.455
Q244,Q287,0.792,0.318
Q244,Q289,0.84,0.284
Q244,Q293,0.829,0.357
Q244,Q309,0.797,0.492
Q244,Q315,0.793,0.489
Q244,Q326,0.83,0.262
Q244,Q335,0.856,0.553
Q244,Q339,0.794,0.57
Q244,Q341,0.817,0.351
Q244,Q342,0.932,0.616
Q244,Q355,0.871,0.407
Q244,Q382,0.818,0.537
Q246,Q259,0.862,0.635
Q246,Q269,0.85,0.404
Q246,Q300,0.855,0.526
Q246,Q339,0.847,0.299
Q246,Q340,0.905,0.586
Q246,Q343,0.813,0.293
Q246,Q344,0.796,0.417
Q246,Q367,0.833,0.483
Q247,Q249,0.812,0.541
Q247,Q256,0.814,0.306
Q247,Q284,0.855,0.585
Q247,Q296,0.824,0.5
Q247,Q297,0.89,0.579
Q247,Q310,0.831,0.486
Q247,Q328,0.832,0.483
Q247,Q330,0.884,0.697
Q247,Q332,0.875,0.667
Q247,Q398,0.838,0.522
Q248,Q267,0.81,0.474
Q248,Q271,0.842,0.584
Q248,Q284,0.797,0.5
Q248,Q297,0.855,0.525
Q248,Q310,0.79,0.473
Q248,Q327,0.813,0.516
Q248,Q328,0.799,0.37
Q248,Q380,0.864,0.506
Q248,Q398,0.794,0.539
Q248,Q400,0.813,0.495
Q249,Q297,0.807,0.409
Q249,Q334,0.808,0.509
Q250,Q279,0.811,0.341
Q250,Q283,0.906,0.719
Q250,Q288,0.803,0.218
Q250,Q290,0.823,0.37
Q250,Q336,0.812,0.478
Q250,Q354,0.818,0.335
Q250,Q364,0.882,0.604
Q250,Q391,0.824,0.335
Q251,Q338,0.823,0.571
Q251,Q353,0.815,0.46
Q251,Q368,0.845,0.471
Q252,Q253,0.796,0.438
Q252,Q275,0.865,0.444
Q252,Q285,0.88,0.477
Q252,Q298,0.881,0.496
Q252,Q331,0.804,0.537
Q252,Q352,0.849,0.529
Q252,Q354,0.847,0.489
Q252,Q392,0.875,0.544
Q253,Q267,0.801,0.3
Q253,Q275,0.801,0.349
Q253,Q285,0.818,0.308
Q253,Q292,0.844,0.42
Q253,Q311,0.814,0.397
Q253,Q346,0.798,0.298
Q253,Q352,0.803,0.526
Q253,Q392,0.798,0.29
Q254,Q294,0.824,0.482
Q254,Q356,0.792,0.438
Q254,Q359,0.821,0.493
Q254,Q360,0.82,0.492
Q254,Q362,0.916,0.531
Q254,Q377,0.885,0.581
Q254,Q379,0.961,0.48
Q254,Q385,0.802,0.51
Q254,Q399,0.94,0.603
Q255,Q303,0.905,0.53
Q255,Q325,0.8,0.38
Q255,Q347,0.83,0.505
Q255,Q357,0.85,0.471
Q255,Q383,0.803,0.526
Q255,Q389,0.846,0.475
Q256,Q258,0.793,0.473
Q256,Q274,0.829,0.506
Q256,Q284,0.81,0.289
Q256,Q296,0.839,0.37
Q256,Q297,0.827,0.359
Q256,Q310,0.831,0.348
Q256,Q328,0.811,0.253
Q256,Q330,0.823,0.333
Q256,Q332,0.831,0.411
Q256,Q345,0.794,0.267
Q256,Q371,0.797,0.308
Q256,Q398,0.811,0.41
Q257,Q371,0.799,0.368
Q257,Q395,0.832,0.491
Q258,Q269,0.807,0.517
Q258,Q271,0.79,0.431
Q258,Q274,0.793,0.444
Q258,Q284,0.81,0.417
Q258,Q296,0.822,0.46
Q258,Q300,0.847,0.422
Q258,Q324,0.866,0.582
Q258,Q328,0.805,0.352
Q258,Q339,0.867,0.493
Q258,Q340,0.839,0.364
Q258,Q343,0.849,0.453
Q258,Q344,0.823,0.486
Q258,Q345,0.824,0.336
Q258,Q371,0.842,0.414
Q258,Q388,0.83,0.47
Q259,Q269,0.811,0.481
Q259,Q300,0.863,0.667
Q259,Q339,0.808,0.337
Q259,Q340,0.922,0.698
Q259,Q343,0.794,0.316
Q259,Q344,0.843,0.515
Q259,Q345,0.793,0.533
Q259,Q367,0.863,0.717
Q260,Q286,0.934,0.59
Q260,Q308,0.848,0.514
Q260,Q321,0.798,0.576
Q260,Q365,0.8,0.351
Q260,Q390,0.952,0.658
Q260,Q393,0.903,0.514
Q261,Q262,0.799,0.286
Q261,Q265,0.823,0.486
Q261,Q306,0.831,0.417
Q261,Q320,0.84,0.429
Q261,Q323,0.911,0.5
Q261,Q351,0.862,0.486
Q261,Q361,0.854,0.432
Q261,Q369,0.863,0.621
Q261,Q397,0.794,0.444
Q262,Q265,0.917,0.78
Q262,Q306,0.858,0.465
Q262,Q320,0.85,0.39
Q262,Q323,0.819,0.457
Q262,Q325,0.795,0.48
Q262,Q340,0.804,0.609
Q262,Q345,0.853,0.465
Q262,Q349,0.837,0.595
Q262,Q361,0.84,0.4
Q262,Q369,0.829,0.345
Q262,Q371,0.852,0.383
Q262,Q383,0.797,0.344
Q262,Q387,0.802,0.606
Q262,Q388,0.832,0.431
Q263,Q280,0.791,0.505
Q263,Q289,0.815,0.306
Q263,Q293,0.818,0.4
Q263,Q326,0.795,0.25
Q263,Q335,0.815,0.517
Q263,Q341,0.805,0.384
Q263,Q342,0.893,0.543
Q263,Q355,0.839,0.355
Q263,Q382,0.807,0.509
Q264,Q276,0.908,0.62
Q264,Q280,0.852,0.524
Q264,Q341,0.803,0.33
Q264,Q382,0.808,0.508
Q265,Q320,0.791,0.417
Q265,Q340,0.815,0.604
Q265,Q345,0.836,0.52
Q265,Q349,0.794,0.545
Q265,Q369,0.791,0.431
Q265,Q371,0.844,0.444
Q265,Q388,0.801,0.483
Q267,Q274,0.808,0.438
Q267,Q284,0.823,0.597
Q267,Q297,0.794,0.523
Q267,Q310,0.816,0.634
Q267,Q328,0.82,0.514
Q267,Q346,0.825,0.543
Q267,Q380,0.803,0.408
Q268,Q278,0.966,0.782
Q268,Q304,0.829,0.6
Q269,Q300,0.874,0.513
Q269,Q324,0.794,0.477
Q269,Q328,0.81,0.351
Q269,Q339,0.807,0.394
Q269,Q340,0.839,0.384
Q269,Q343,0.813,0.405
Q269,Q345,0.798,0.375
Q269,Q371,0.792,0.42
Q269,Q398,0.795,0.443
Q270,Q301,0.928,0.747
Q270,Q302,0.825,0.423
Q270,Q311,0.843,0.505
Q270,Q327,0.864,0.608
Q270,Q329,0.956,0.696
Q270,Q384,0.98,0.897
Q271,Q284,0.815,0.493
Q271,Q297,0.819,0.475
Q271,Q300,0.813,0.463
Q271,Q333,0.805,0.488
Q271,Q345,0.841,0.525
Q271,Q371,0.86,0.646
Q271,Q380,0.914,0.504
Q271,Q387,0.818,0.431
Q271,Q400,0.879,0.6
Q272,Q313,0.803,0.462
Q272,Q316,0.833,0.379
Q272,Q378,0.861,0.552
Q272,Q394,0.883,0.426
Q273,Q280,0.796,0.335
Q273,Q289,0.861,0.575
Q273,Q293,0.827,0.556
Q273,Q309,0.814,0.337
Q273,Q326,0.887,0.568
Q273,Q335,0.815,0.409
Q273,Q341,0.861,0.523
Q273,Q342,0.864,0.39
Q273,Q355,0.865,0.519
Q273,Q382,0.795,0.354
Q274,Q284,0.851,0.375
Q274,Q296,0.918,0.456
Q274,Q297,0.812,0.433
Q274,Q310,0.889,0.376
Q274,Q324,0.815,0.398
Q274,Q328,0.894,0.34
Q274,Q330,0.846,0.373
Q274,Q332,0.872,0.419
Q274,Q345,0.792,0.263
Q274,Q371,0.805,0.308
Q274,Q398,0.871,0.503
Q275,Q285,0.883,0.703
Q275,Q298,0.842,0.558
Q275,Q299,0.793,0.487
Q275,Q352,0.794,0.372
Q275,Q392,0.892,0.488
Q276,Q277,0.817,0.527
Q276,Q280,0.829,0.518
Q276,Q287,0.807,0.359
Q276,Q293,0.803,0.405
Q276,Q334,0.829,0.434
Q276,Q341,0.822,0.409
Q276,Q382,0.844,0.5
Q277,Q280,0.807,0.457
Q277,Q293,0.79,0.492
Q277,Q334,0.877,0.478
Q277,Q341,0.802,0.483
Q277,Q382,0.816,0.423
Q278,Q295,0.81,0.598
Q278,Q304,0.861,0.588
Q279,Q283,0.846,0.332
Q279,Q288,0.834,0.441
Q279,Q290,0.845,0.659
Q279,Q336,0.848,0.376
Q279,Q358,0.842,0.618
Q279,Q364,0.824,0.34
Q279,Q391,0.87,0.63
Q280,Q289,0.797,0.303
Q280,Q293,0.81,0.4
Q280,Q334,0.817,0.417
Q280,Q335,0.82,0.456
Q280,Q341,0.828,0.415
Q280,Q342,0.808,0.439
Q280,Q355,0.812,0.392
Q280,Q366,0.803,0.456
Q280,Q374,0.82,0.539
Q280,Q382,0.856,0.448
Q281,Q396,0.791,0.419
Q282,Q284,0.841,0.489
Q282,Q287,0.929,0.614
Q282,Q289,0.831,0.489
Q282,Q293,0.887,0.598
Q282,Q309,0.805,0.408
Q282,Q310,0.811,0.444
Q282,Q326,0.809,0.484
Q282,Q328,0.802,0.391
Q282,Q334,0.868,0.553
Q282,Q341,0.863,0.495
Q282,Q342,0.817,0.477
Q282,Q348,0.852,0.449
Q282,Q355,0.822,0.529
Q282,Q372,0.89,0.519
Q282,Q382,0.823,0.465
Q283,Q288,0.868,0.212
Q283,Q290,0.884,0.388
Q283,Q298,0.792,0.305
Q283,Q336,0.88,0.518
Q283,Q352,0.805,0.541
Q283,Q354,0.852,0.347
Q283,Q364,0.925,0.643
Q283,Q391,0.85,0.293
Q284,Q287,0.891,0.747
Q284,Q293,0.834,0.568
Q284,Q296,0.891,0.557
Q284,Q297,0.899,0.608
Q284,Q300,0.798,0.444
Q284,Q310,0.901,0.548
Q284,Q324,0.793,0.362
Q284,Q328,0.896,0.557
Q284,Q330,0.832,0.522
Q284,Q332,0.829,0.507
Q284,Q334,0.808,0.412
Q284,Q348,0.807,0.472
Q284,Q366,0.801,0.203
Q284,Q372,0.852,0.487
Q284,Q398,0.892,0.526
Q285,Q298,0.908,0.691
Q285,Q299,0.851,0.603
Q285,Q331,0.806,0.476
Q285,Q352,0.864,0.402
Q285,Q354,0.844,0.437
Q285,Q392,0.846,0.543
Q286,Q308,0.916,0.649
Q286,Q321,0.843,0.74
Q286,Q365,0.821,0.469
Q286,Q390,0.929,0.6
Q286,Q393,0.878,0.442
Q287,Q289,0.828,0.648
Q287,Q291,0.829,0.491
Q287,Q293,0.93,0.705
Q287,Q296,0.799,0.419
Q287,Q297,0.791,0.512
Q287,Q309,0.814,0.33
Q287,Q310,0.818,0.425
Q287,Q326,0.809,0.528
Q287,Q328,0.807,0.382
Q287,Q334,0.905,0.596
Q287,Q341,0.879,0.558
Q287,Q342,0.797,0.395
Q287,Q348,0.817,0.532
Q287,Q355,0.823,0.451
Q287,Q372,0.869,0.588
Q287,Q382,0.81,0.358
Q287,Q398,0.798,0.431
Q288,Q290,0.914,0.516
Q288,Q336,0.866,0.34
Q288,Q358,0.809,0.444
Q288,Q364,0.855,0.29
Q288,Q391,0.855,0.52
Q289,Q293,0.876,0.571
Q289,Q326,0.9,0.557
Q289,Q334,0.814,0.43
Q289,Q335,0.818,0.294
Q289,Q341,0.866,0.507
Q289,Q342,0.848,0.356
Q289,Q355,0.884,0.44
Q289,Q372,0.793,0.486
Q289,Q382,0.836,0.31
Q290,Q336,0.907,0.467
Q290,Q354,0.865,0.636
Q290,Q358,0.791,0.451
Q290,Q364,0.867,0.413
Q290,Q391,0.905,0.684
Q291,Q293,0.846,0.533
Q291,Q334,0.801,0.485
Q291,Q341,0.873,0.61
Q292,Q346,0.81,0.477
Q293,Q309,0.811,0.372
Q293,Q326,0.856,0.564
Q293,Q334,0.868,0.582
Q293,Q335,0.806,0.389
Q293,Q341,0.949,0.804
Q293,Q342,0.82,0.405
Q293,Q355,0.898,0.5
Q293,Q366,0.803,0.28
Q293,Q372,0.828,0.484
Q293,Q382,0.84,0.411
Q294,Q359,0.792,0.5
Q294,Q362,0.809,0.476
Q294,Q377,0.879,0.612
Q294,Q379,0.845,0.514
Q294,Q385,0.856,0.574
Q294,Q399,0.843,0.583
Q295,Q304,0.873,0.56
Q295,Q312,0.84,0.676
Q296,Q297,0.863,0.467
Q296,Q300,0.819,0.478
Q296,Q310,0.965,0.833
Q296,Q324,0.808,0.419
Q296,Q328,0.952,0.694
Q296,Q330,0.902,0.675
Q296,Q332,0.928,0.698
Q296,Q345,0.796,0.535
Q296,Q371,0.805,0.56
Q296,Q372,0.813,0.494
Q296,Q376,0.813,0.481
Q296,Q398,0.913,0.623
Q297,Q300,0.793,0.413
Q297,Q310,0.872,0.524
Q297,Q328,0.869,0.444
Q297,Q330,0.848,0.45
Q297,Q332,0.852,0.465
Q297,Q334,0.796,0.426
Q297,Q345,0.809,0.423
Q297,Q348,0.845,0.458
Q297,Q366,0.802,0.257
Q297,Q372,0.819,0.494
Q297,Q376,0.808,0.426
Q297,Q380,0.808,0.443
Q297,Q398,0.887,0.585
Q297,Q400,0.795,0.48
Q298,Q299,0.822,0.559
Q298,Q331,0.854,0.52
Q298,Q352,0.83,0.339
Q298,Q354,0.839,0.463
Q298,Q364,0.793,0.333
Q298,Q392,0.792,0.605
Q299,Q326,0.804,0.492
Q299,Q331,0.837,0.5
Q300,Q324,0.826,0.43
Q300,Q328,0.824,0.378
Q300,Q339,0.812,0.368
Q300,Q340,0.906,0.763
Q300,Q343,0.84,0.364
Q300,Q344,0.816,0.474
Q300,Q345,0.857,0.63
Q300,Q367,0.832,0.59
Q300,Q371,0.833,0.571
Q300,Q398,0.798,0.519
Q301,Q311,0.834,0.451
Q301,Q327,0.872,0.541
Q301,Q329,0.954,0.667
Q301,Q384,0.948,0.74
Q302,Q311,0.839,0.469
Q302,Q327,0.797,0.4
Q302,Q329,0.821,0.361
Q302,Q346,0.79,0.493
Q302,Q384,0.814,0.406
Q303,Q325,0.805,0.482
Q303,Q347,0.848,0.541
Q303,Q357,0.86,0.659
Q303,Q383,0.835,0.619
Q303,Q389,0.847,0.548
Q304,Q312,0.791,0.449
Q304,Q317,0.842,0.615
Q304,Q363,0.864,0.687
Q305,Q333,0.846,0.426
Q305,Q373,0.82,0.482
Q305,Q376,0.811,0.396
Q305,Q387,0.811,0.373
Q305,Q400,0.791,0.449
Q306,Q320,0.955,0.76
Q306,Q323,0.861,0.545
Q306,Q333,0.805,0.416
Q306,Q351,0.815,0.333
Q306,Q361,0.955,0.778
Q306,Q369,0.914,0.567
Q306,Q387,0.823,0.619
Q306,Q397,0.806,0.571
Q308,Q321,0.878,0.683
Q308,Q390,0.886,0.517
Q308,Q393,0.844,0.419
Q309,Q326,0.799,0.279
Q309,Q334,0.824,0.431
Q309,Q341,0.831,0.398
Q309,Q342,0.802,0.529
Q309,Q348,0.79,0.358
Q309,Q355,0.807,0.396
Q309,Q366,0.808,0.492
Q309,Q382,0.801,0.48
Q310,Q328,0.963,0.758
Q310,Q330,0.918,0.703
Q310,Q332,0.901,0.625
Q310,Q372,0.812,0.506
Q310,Q398,0.926,0.62
Q311,Q329,0.858,0.454
Q311,Q384,0.843,0.419
Q313,Q316,0.894,0.458
Q313,Q378,0.925,0.542
Q313,Q394,0.887,0.353
Q316,Q378,0.865,0.593
Q316,Q394,0.895,0.316
Q317,Q363,0.883,0.594
Q318,Q319,0.865,0.584
Q318,Q353,0.907,0.41
Q318,Q368,0.939,0.673
Q318,Q386,0.809,0.4
Q319,Q353,0.879,0.567
Q319,Q368,0.821,0.4
Q320,Q323,0.866,0.524
Q320,Q333,0.813,0.373
Q320,Q351,0.794,0.288
Q320,Q361,0.965,0.731
Q320,Q369,0.917,0.462
Q320,Q387,0.845,0.55
Q320,Q388,0.792,0.379
Q320,Q397,0.801,0.471
Q321,Q353,0.791,0.485
Q321,Q368,0.791,0.42
Q321,Q390,0.861,0.494
Q321,Q393,0.83,0.39
Q322,Q370,0.897,0.63
Q323,Q351,0.864,0.286
Q323,Q361,0.862,0.435
Q323,Q369,0.882,0.508
Q323,Q397,0.817,0.419
Q324,Q340,0.845,0.404
Q324,Q344,0.792,0.52
Q324,Q345,0.813,0.326
Q324,Q371,0.817,0.333
Q324,Q388,0.822,0.447
Q325,Q340,0.798,0.419
Q325,Q345,0.825,0.475
Q325,Q349,0.798,0.528
Q325,Q383,0.888,0.55
Q325,Q388,0.824,0.478
Q325,Q389,0.798,0.567
Q326,Q334,0.81,0.468
Q326,Q335,0.818,0.268
Q326,Q341,0.894,0.579
Q326,Q342,0.844,0.313
Q326,Q348,0.792,0.348
Q326,Q355,0.885,0.5
Q326,Q372,0.792,0.4
Q326,Q382,0.807,0.308
Q327,Q329,0.854,0.462
Q327,Q346,0.794,0.39
Q327,Q384,0.873,0.675
Q328,Q330,0.906,0.71
Q328,Q332,0.904,0.588
Q328,Q372,0.806,0.479
Q328,Q398,0.918,0.568
Q329,Q384,0.959,0.711
Q330,Q332,0.956,0.789
Q330,Q334,0.791,0.327
Q330,Q398,0.91,0.562
Q332,Q398,0.886,0.549
Q333,Q359,0.817,0.537
Q333,Q361,0.836,0.43
Q333,Q376,0.815,0.544
Q333,Q380,0.8,0.503
Q333,Q387,0.859,0.418
Q333,Q400,0.845,0.509
Q334,Q341,0.869,0.519
Q334,Q348,0.807,0.416
Q334,Q355,0.807,0.548
Q334,Q366,0.797,0.29
Q334,Q372,0.804,0.393
Q334,Q374,0.798,0.387
Q334,Q382,0.832,0.428
Q335,Q341,0.812,0.382
Q335,Q342,0.846,0.514
Q335,Q355,0.84,0.423
Q335,Q382,0.811,0.524
Q336,Q354,0.815,0.45
Q336,Q364,0.869,0.549
Q336,Q391,0.899,0.426
Q337,Q350,0.852,0.419
Q337,Q356,0.872,0.535
Q337,Q360,0.86,0.441
Q337,Q362,0.808,0.484
Q337,Q396,0.939,0.621
Q338,Q368,0.826,0.55
Q339,Q340,0.845,0.287
Q339,Q343,0.812,0.527
Q339,Q344,0.801,0.439
Q340,Q343,0.844,0.272
Q340,Q344,0.826,0.438
Q340,Q345,0.827,0.618
Q340,Q349,0.795,0.49
Q340,Q367,0.877,0.552
Q341,Q342,0.816,0.348
Q341,Q348,0.81,0.386
Q341,Q355,0.878,0.509
Q341,Q366,0.827,0.275
Q341,Q372,0.804,0.382
Q341,Q382,0.825,0.393
Q341,Q392,0.84,0.651
Q342,Q355,0.87,0.429
Q342,Q382,0.826,0.504
Q343,Q344,0.793,0.393
Q344,Q367,0.802,0.512
Q345,Q371,0.893,0.714
Q347,Q357,0.8,0.542
Q348,Q364,0.794,0.403
Q348,Q372,0.96,0.927
Q348,Q376,0.799,0.455
Q349,Q360,0.811,0.769
Q349,Q383,0.858,0.478
Q349,Q388,0.802,0.519
Q350,Q360,0.829,0.4
Q350,Q362,0.804,0.529
Q350,Q379,0.798,0.38
Q350,Q396,0.808,0.538
Q351,Q361,0.817,0.377
Q352,Q354,0.806,0.349
Q352,Q392,0.829,0.37
Q353,Q368,0.931,0.551
Q353,Q386,0.866,0.485
Q354,Q364,0.83,0.413
Q354,Q391,0.827,0.579
Q355,Q366,0.798,0.268
Q355,Q382,0.842,0.462
Q356,Q359,0.791,0.613
Q356,Q360,0.803,0.52
Q356,Q362,0.806,0.491
Q356,Q379,0.801,0.438
Q356,Q396,0.885,0.41
Q356,Q399,0.798,0.548
Q357,Q383,0.809,0.61
Q357,Q389,0.892,0.667
Q358,Q391,0.801,0.61
Q359,Q362,0.814,0.566
Q359,Q379,0.819,0.531
Q359,Q399,0.81,0.548
Q360,Q362,0.818,0.585
Q360,Q379,0.819,0.538
Q360,Q396,0.829,0.455
Q360,Q399,0.826,0.56
Q361,Q369,0.905,0.493
Q361,Q387,0.818,0.5
Q361,Q397,0.794,0.5
Q362,Q377,0.847,0.455
Q362,Q379,0.942,0.545
Q362,Q396,0.82,0.551
Q362,Q399,0.924,0.453
Q364,Q391,0.836,0.333
Q365,Q381,0.826,0.56
Q365,Q390,0.81,0.43
Q366,Q395,0.836,0.525
Q366,Q398,0.815,0.303
Q368,Q370,0.809,0.412
Q368,Q386,0.865,0.543
Q369,Q387,0.833,0.456
Q369,Q397,0.794,0.565
Q371,Q388,0.817,0.438
Q373,Q376,0.83,0.447
Q374,Q382,0.809,0.446
Q376,Q400,0.792,0.441
Q377,Q379,0.896,0.519
Q377,Q385,0.887,0.596
Q377,Q399,0.896,0.64
Q378,Q394,0.932,0.386
Q379,Q385,0.812,0.473
Q379,Q399,0.967,0.5
Q380,Q392,0.794,0.408
Q380,Q400,0.861,0.503
Q383,Q388,0.812,0.642
Q383,Q389,0.816,0.568
Q385,Q399,0.817,0.484
Q387,Q400,0.798,0.394
Q390,Q393,0.957,0.809
Q392,Q395,0.797,0.276
